date,txVolume(USD),txCount,marketcap(USD),price(USD),exchangeVolume(USD),generatedCoins,fees
2015-08-07,5684639.71035,2016.0,0.0,2.83,164329.0,27437.65625,37.3184135113,
2015-08-08,4692095.19421,2807.0,167911000.0,2.79,674188.0,27943.4375,68.0999700719,
2015-08-09,822968.506448,1298.0,42637600.0,0.706136,532170.0,27178.28125,14.0989497032,
2015-08-10,1193011.28756,1999.0,43130000.0,0.713989,405283.0,27817.34375,31.1651444384,
2015-08-11,1051922.38685,4945.0,42796500.0,0.708087,1463100.0,28027.8125,11.311448586,
2015-08-12,792332.720964,1993.0,64018400.0,1.06,2150620.0,27370.9375,32.5869924044,
2015-08-13,2181178.65188,2807.0,73935400.0,1.22,4068680.0,28268.125,24.9291691099,
2015-08-14,4154762.74448,3144.0,109594000.0,1.81,4637030.0,31106.71875,14.3548341128,
2015-08-15,8336306.79171,2264.0,109160000.0,1.8,2554360.0,28512.65625,8.83659302805,
2015-08-16,2870425.71771,2422.0,102028000.0,1.68,3550790.0,27094.53125,6.67723792491,
2015-08-17,3546720.03334,2503.0,95819700.0,1.58,1942830.0,28118.90625,7.64281183963,
2015-08-18,1889437.07633,2485.0,88143200.0,1.22,1485680.0,26162.8125,11.9060713402,
2015-08-19,1345002.29288,3224.0,84663900.0,1.17,1486240.0,27282.03125,15.4309506695,
2015-08-20,521679.807637,2266.0,90809000.0,1.25,2843760.0,21057.03125,6.85556694271,
2015-08-21,868536.958506,3888.0,107266000.0,1.48,2020970.0,26690.9375,7.85504172471,
2015-08-22,692395.557139,3562.0,101404000.0,1.4,948310.0,27550.46875,42.5471718296,
2015-08-23,687012.117519,4126.0,99894500.0,1.38,1589300.0,26255.625,8.0497676729,
2015-08-24,623945.245422,4423.0,97791600.0,1.35,924920.0,27333.28125,8.8762854198,
2015-08-25,499939.847307,4449.0,89321900.0,1.23,1307180.0,26736.09375,8.25975582511,
2015-08-26,496507.859703,4112.0,82384400.0,1.13,1056750.0,26137.96875,7.44772927856,
2015-08-27,319146.960498,5568.0,85106100.0,1.17,686662.0,24532.8125,8.67096304289,
2015-08-28,345519.947941,4723.0,83521700.0,1.15,721872.0,24225.15625,9.92514837051,
2015-08-29,512109.426379,4109.0,86887600.0,1.19,375377.0,22525.0,5.50745152606,
2015-08-30,490782.177398,4547.0,86145900.0,1.18,1337650.0,21453.59375,5.63417374243,
2015-08-31,508000.974842,5165.0,96251000.0,1.32,1447180.0,21293.4375,7.42453381438,
2015-09-01,1916754.26487,5114.0,98617200.0,1.35,778862.0,20339.21875,7.84376985589,
2015-09-02,374646.61176,5160.0,98504600.0,1.35,883769.0,18391.09375,8.15373533105,
2015-09-03,723808.352486,4738.0,94418700.0,1.3,702991.0,17380.9375,6.9700256741,
2015-09-04,222451.293434,5601.0,92234100.0,1.26,474391.0,23081.875,9.73385636147,
2015-09-05,214369.117466,5471.0,93402300.0,1.28,448453.0,25629.0625,9.1412283236,
2015-09-06,396954.237931,5489.0,97625500.0,1.34,491968.0,26168.28125,8.05548773452,
2015-09-07,263278.900135,5626.0,94585300.0,1.3,489014.0,25460.46875,9.25642239587,
2015-09-08,329606.821851,5604.0,91020700.0,1.25,427892.0,25888.75,10.379926302,
2015-09-09,1420839.17268,5577.0,90518300.0,1.24,366748.0,26431.40625,9.84060106916,
2015-09-10,249258.75473,5328.0,88230500.0,1.21,662782.0,26444.21875,7.9258071708,
2015-09-11,842671.398706,6439.0,85144300.0,1.16,1942600.0,27238.59375,8.87672815268,
2015-09-12,214854.468238,5555.0,72179000.0,0.987228,772430.0,26402.34375,11.3548331935,
2015-09-13,232924.67095,6017.0,76193600.0,1.04,644138.0,26171.40625,9.57872567392,
2015-09-14,251532.097735,5542.0,68814400.0,0.940566,741085.0,25588.125,9.9015484194,
2015-09-15,528121.741887,5390.0,64052400.0,0.875189,703390.0,25615.3125,8.42699714528,
2015-09-16,522113.224066,5846.0,68963300.0,0.941977,615593.0,26318.125,15.1466170778,
2015-09-17,268192.315916,5343.0,66415200.0,0.906865,897940.0,25435.625,8.55652379146,
2015-09-18,356656.491347,5733.0,64071300.0,0.874574,484622.0,25894.21875,11.8348210662,
2015-09-19,331975.532998,5154.0,62262700.0,0.849603,386988.0,27187.1875,7.98220437293,
2015-09-20,115939.606962,6341.0,64600000.0,0.881191,508314.0,27982.65625,10.9696454718,
2015-09-21,148483.798118,6244.0,69045900.0,0.941496,424039.0,26651.875,10.1807419409,
2015-09-22,178937.081523,6759.0,67444200.0,0.919337,487914.0,26370.3125,11.4041451759,
2015-09-23,118464.073186,7369.0,66309600.0,0.90356,200541.0,27080.3125,10.7002671048,
2015-09-24,275064.002643,6185.0,65836400.0,0.896796,842505.0,26385.78125,10.3195062665,
2015-09-25,542954.78067,5801.0,60221400.0,0.820031,903457.0,27003.4375,9.83659491613,
2015-09-26,185398.488806,5903.0,54188900.0,0.73763,369620.0,25910.3125,9.28914647862,
2015-09-27,302982.786671,5732.0,58149600.0,0.791277,413801.0,25011.09375,8.42387045044,
2015-09-28,516557.965524,6102.0,53201800.0,0.723715,1320890.0,24714.21875,9.27234660931,
2015-09-29,234208.717291,5715.0,42607700.0,0.579414,913992.0,24364.6875,8.87732842075,
2015-09-30,337049.008832,5834.0,48636600.0,0.661192,619926.0,25097.5,8.38532711572,
2015-10-01,395443.359519,6402.0,54032300.0,0.734307,596084.0,27422.03125,8.76794946345,
2015-10-02,101770.44683,6053.0,50328700.0,0.683732,219318.0,26913.125,9.76529666285,
2015-10-03,83472.3579063,6101.0,49981900.0,0.678783,163326.0,26453.75,9.79164836446,
2015-10-04,190487.183799,6619.0,50556000.0,0.686343,103497.0,25480.15625,9.4319257859,
2015-10-05,109299.046995,6226.0,49131600.0,0.666784,234263.0,26136.875,11.4867735072,
2015-10-06,315241.251486,6440.0,45863300.0,0.622218,262674.0,25036.5625,9.99529995355,
2015-10-07,201786.955147,7100.0,47964700.0,0.650515,218327.0,26133.59375,12.1829899207,
2015-10-08,191033.831271,6912.0,44955900.0,0.609501,310266.0,26778.4375,11.9729333683,
2015-10-09,146902.618586,6751.0,48334900.0,0.655084,386420.0,25451.40625,11.3092183843,
2015-10-10,82385.5282663,6519.0,47325200.0,0.641187,141555.0,25499.6875,11.3828116171,
2015-10-11,95944.4205613,6011.0,46327500.0,0.627461,102128.0,26507.03125,8.99879459915,
2015-10-12,171873.574295,6527.0,46864200.0,0.634515,109567.0,26803.75,10.7038073208,
2015-10-13,258212.881885,6765.0,46395200.0,0.627943,303044.0,26668.28125,12.3232487996,
2015-10-14,607655.452607,6772.0,45250600.0,0.61224,971664.0,25875.625,11.8319985211,
2015-10-15,418401.416247,6424.0,38688300.0,0.523278,371022.0,25610.46875,18.8703438617,
2015-10-16,202601.855293,6748.0,41608900.0,0.562593,249891.0,25441.40625,21.1794465456,
2015-10-17,130246.016831,6508.0,39515900.0,0.534117,313860.0,26450.625,12.2914624458,
2015-10-18,99784.3085014,6442.0,40550400.0,0.547913,133690.0,25848.28125,13.1130126021,
2015-10-19,266430.637729,6550.0,38321300.0,0.517621,243742.0,25966.71875,11.6992191396,
2015-10-20,245597.151842,5867.0,36261200.0,0.489629,383921.0,26192.5,11.5270197988,
2015-10-21,300832.294689,6159.0,31973600.0,0.431589,609085.0,26046.40625,10.1558577347,
2015-10-22,275561.318135,5909.0,32977300.0,0.444988,924822.0,25330.78125,13.2005048379,
2015-10-23,437771.31856,6768.0,41986400.0,0.56637,878822.0,27554.84375,13.7479413918,
2015-10-24,53895.3027682,6234.0,40022100.0,0.539681,258356.0,27118.75,10.6966382172,
2015-10-25,147459.128473,5677.0,41781300.0,0.563207,635384.0,26814.21875,9.07951212616,
2015-10-26,443409.269032,5896.0,45991300.0,0.619743,1089120.0,25912.1875,10.7732671216,
2015-10-27,1342211.33689,6687.0,52624300.0,0.70889,1846370.0,27529.375,18.9028975784,
2015-10-28,853649.129646,7298.0,64676600.0,0.870938,2373050.0,26344.6875,10.8986966301,
2015-10-29,522938.908113,7793.0,74675600.0,1.01,2279240.0,27510.78125,12.55075174,
2015-10-30,1463340.70588,7842.0,89857400.0,1.21,2429200.0,27720.15625,13.4663216604,
2015-10-31,290238.780502,7499.0,77800300.0,1.05,673892.0,27751.5625,15.4824256005,
2015-11-01,134005.22157,6890.0,68477200.0,0.920847,588913.0,28180.15625,16.1702610684,
2015-11-02,373003.74475,6522.0,78701400.0,1.06,1145200.0,27134.21875,10.3960139727,
2015-11-03,591937.053045,7354.0,74010000.0,0.994568,1907690.0,27605.78125,12.2403509899,
2015-11-04,813332.073784,7004.0,75232400.0,1.01,3060340.0,27716.40625,9.39285695059,
2015-11-05,310000.094231,7440.0,67070700.0,0.900699,1179840.0,27291.40625,10.5938905244,
2015-11-06,848836.925319,7828.0,67397100.0,0.904772,913666.0,27422.1875,15.9362701566,
2015-11-07,393479.412685,10863.0,68833200.0,0.923732,890187.0,26715.3125,32.0799197933,
2015-11-08,821063.343566,12342.0,68254300.0,0.915661,1021460.0,27289.0625,29.5268788824,
2015-11-09,975381.900236,7656.0,76991800.0,1.03,2045290.0,27059.53125,11.2631029194,
2015-11-10,891132.50098,8061.0,74685300.0,1.0,854581.0,27444.0625,15.3511926283,
2015-11-11,283710.359877,10173.0,70236200.0,0.941296,1278580.0,27819.0625,23.0767913282,
2015-11-12,223759.794899,9500.0,59448700.0,0.796455,806156.0,28032.03125,25.8891012018,
2015-11-13,423125.551722,7830.0,67777000.0,0.907722,543671.0,28185.15625,14.5833024649,
2015-11-14,256807.219605,7187.0,67631900.0,0.905469,372514.0,28357.65625,18.5340335117,
2015-11-15,156460.678696,7138.0,66590200.0,0.891217,411848.0,28120.15625,11.4839740926,
2015-11-16,395085.846851,7407.0,67730700.0,0.906166,620945.0,27395.15625,10.2696359731,
2015-11-17,1070401.11434,7115.0,69157900.0,0.924948,1145440.0,27793.59375,9.59682965058,
2015-11-18,197659.989694,7330.0,74287700.0,0.993214,681104.0,27252.03125,10.3214753974,
2015-11-19,271338.021627,8834.0,73976100.0,0.988713,443528.0,26563.4375,15.8639395135,
2015-11-20,185962.014632,6328.0,71532500.0,0.955735,614335.0,25130.46875,11.9868992419,
2015-11-21,124541.311664,6780.0,69535300.0,0.928758,455976.0,26782.1875,11.2449100626,
2015-11-22,250851.889707,7053.0,73378800.0,0.979765,372173.0,26988.59375,11.2417153263,
2015-11-23,662337.864452,8205.0,72484200.0,0.967493,441875.0,27272.34375,13.3160847179,
2015-11-24,372556.845282,7107.0,70931100.0,0.946442,524195.0,26848.125,12.9664910272,
2015-11-25,168352.5214,7074.0,67010200.0,0.893827,622991.0,26471.875,12.4596309917,
2015-11-26,837964.089986,7262.0,64740900.0,0.863273,947473.0,26538.4375,9.30701047999,
2015-11-27,598994.444088,6628.0,66174600.0,0.8821,403813.0,27886.875,9.39919261942,
2015-11-28,104774.60478,6801.0,65147000.0,0.868102,462464.0,27201.09375,14.5671305715,
2015-11-29,173995.405199,6830.0,68625100.0,0.914144,448358.0,27350.9375,9.09079211711,
2015-11-30,207334.547472,8966.0,66080400.0,0.879951,784439.0,27360.0,20.8157515377,
2015-12-01,195994.783055,6753.0,65980000.0,0.878316,652857.0,27542.8125,13.0743889446,
2015-12-02,257351.021634,6471.0,65615700.0,0.873171,506307.0,26007.03125,11.4381225322,
2015-12-03,181143.284124,6938.0,61530500.0,0.818546,539969.0,28063.28125,10.666077605,
2015-12-04,136370.595032,6823.0,61065700.0,0.812082,241278.0,26679.375,12.3723423175,
2015-12-05,121090.523798,6724.0,63276000.0,0.841195,232743.0,26581.875,13.0848245148,
2015-12-06,207369.521524,8945.0,65194900.0,0.866417,443608.0,26255.78125,17.1474042232,
2015-12-07,377754.626809,7090.0,62950900.0,0.836322,520409.0,26718.90625,9.64277225226,
2015-12-08,142951.305788,6657.0,60690400.0,0.806024,445903.0,26312.5,9.14620089429,
2015-12-09,202087.34281,6963.0,62098400.0,0.824454,624221.0,28324.0625,10.1369894327,
2015-12-10,172508.92671,7388.0,59945000.0,0.79559,369589.0,27477.34375,11.3409350434,
2015-12-11,268100.856811,8051.0,63312400.0,0.839995,801072.0,27022.8125,16.8524437878,
2015-12-12,452377.831884,8170.0,70210000.0,0.931196,1376280.0,27206.5625,23.1231431759,
2015-12-13,314251.884047,7334.0,73276400.0,0.971538,273614.0,27907.34375,18.7321097127,
2015-12-14,295321.077368,15478.0,72176400.0,0.95662,563436.0,26708.59375,74.6524395615,
2015-12-15,530148.996251,21062.0,74764100.0,0.990589,578618.0,27014.53125,114.407858337,
2015-12-16,1487848.80532,10272.0,76791600.0,1.02,320767.0,26457.34375,44.2167818748,
2015-12-17,436395.472627,9507.0,74999300.0,0.993043,640765.0,26883.125,32.4010752132,
2015-12-18,222673.010769,8920.0,70890600.0,0.938327,300787.0,26671.5625,32.1814214547,
2015-12-19,209991.868058,9304.0,69644200.0,0.921524,343535.0,26694.53125,28.5162309257,
2015-12-20,186639.598656,9852.0,68663100.0,0.90824,472164.0,26436.09375,34.4271700216,
2015-12-21,212202.911658,12003.0,68521200.0,0.906065,549113.0,26457.8125,39.1191939984,
2015-12-22,212682.964372,21004.0,67704600.0,0.894973,454249.0,27374.375,59.162525717,
2015-12-23,123611.752227,22711.0,65215800.0,0.861782,334993.0,27399.375,81.4259907463,
2015-12-24,107067.471856,13480.0,65060000.0,0.859433,354646.0,26686.5625,45.7546378631,
2015-12-25,59140.3897664,9505.0,65275400.0,0.861993,187114.0,26803.59375,26.5940592965,
2015-12-26,126471.211799,10694.0,65961900.0,0.870766,425282.0,26560.15625,31.2961851884,
2015-12-27,67737.4421267,21856.0,64650000.0,0.853166,164565.0,26853.75,86.6343450292,
2015-12-28,378461.036682,12325.0,64913200.0,0.856356,235134.0,27057.96875,36.4004906885,
2015-12-29,241549.405965,11292.0,63985600.0,0.843835,215742.0,26661.09375,33.1892110499,
2015-12-30,188128.833796,21716.0,66314200.0,0.874258,604078.0,26736.25,76.1322840017,
2015-12-31,355305.072598,10257.0,69207400.0,0.912098,663994.0,26908.28125,25.0673246473,
2016-01-01,321708.374938,8206.0,70870900.0,0.933712,206062.0,26070.3125,15.6508949367,
2016-01-02,245604.197335,9140.0,71933100.0,0.947401,255504.0,27383.90625,19.3597908119,
2016-01-03,347988.606498,9248.0,71275900.0,0.93843,407632.0,27675.78125,19.4483166825,
2016-01-04,149811.548117,9425.0,73853900.0,0.972045,346245.0,27420.625,21.3104318963,
2016-01-05,987732.115139,16380.0,72442400.0,0.953147,219833.0,27839.21875,60.3564445043,
2016-01-06,248781.82236,17007.0,72229700.0,0.950028,308791.0,27625.46875,66.5339184502,
2016-01-07,334745.241839,22025.0,72692900.0,0.955801,647462.0,27022.1875,65.5065476024,
2016-01-08,185057.494975,10891.0,71724000.0,0.942752,545600.0,27996.71875,26.0495075445,
2016-01-09,207720.12846,11692.0,75001800.0,0.985501,226281.0,27595.78125,39.3005175209,
2016-01-10,138866.851353,10255.0,75031200.0,0.985557,390888.0,27287.96875,26.3260527733,
2016-01-11,504162.045601,10846.0,76096500.0,0.999216,1011920.0,27005.15625,25.5135651128,
2016-01-12,1059789.47596,10824.0,81217300.0,1.07,2898760.0,25900.78125,25.6307222675,
2016-01-13,482477.346614,17634.0,86530000.0,1.14,1005910.0,26535.3125,60.3126094436,
2016-01-14,372400.046082,10617.0,85539300.0,1.12,751961.0,26919.21875,26.776176405,
2016-01-15,1115559.38705,9827.0,90321700.0,1.18,3910550.0,26797.34375,23.1601242178,
2016-01-16,696879.897529,10622.0,93099400.0,1.22,2462630.0,26523.125,22.6502570573,
2016-01-17,452570.185605,9707.0,93207300.0,1.22,1171150.0,26599.84375,17.0397021972,
2016-01-18,3013698.20084,12883.0,101699000.0,1.33,4278930.0,26620.15625,30.9188099799,
2016-01-19,1761829.18688,13383.0,108628000.0,1.42,2446740.0,26092.8125,35.576958228,
2016-01-20,816295.262532,10549.0,104124000.0,1.36,2933220.0,26542.5,19.0134918696,
2016-01-21,757377.67436,10636.0,117111000.0,1.53,1614960.0,25919.21875,20.2959758345,
2016-01-22,1424488.2325,13752.0,118244000.0,1.55,1567240.0,26255.0,31.1813250746,
2016-01-23,1715780.58763,10946.0,115002000.0,1.5,7370980.0,25769.6875,17.4328034106,
2016-01-24,3649253.11376,12715.0,145358000.0,1.9,9669770.0,27239.21875,23.7308825767,
2016-01-25,4599895.08774,17048.0,164313000.0,2.15,10739300.0,25700.78125,40.1912428608,
2016-01-26,3656139.96786,16451.0,193838000.0,2.53,13939200.0,26985.46875,37.8980575476,
2016-01-27,2737151.84394,18660.0,172061000.0,2.25,6961080.0,26104.53125,56.8601467197,
2016-01-28,2221830.04699,16692.0,184294000.0,2.41,4903850.0,26560.9375,41.3560110411,
2016-01-29,2193242.6783,16323.0,194815000.0,2.54,6662340.0,26164.21875,37.4103434275,
2016-01-30,2484925.85452,14594.0,192176000.0,2.51,3725080.0,26193.125,35.4292821681,
2016-01-31,2672115.68922,14092.0,187289000.0,2.44,5847500.0,25681.875,33.8837693668,
2016-02-01,1391891.83115,14122.0,177881000.0,2.32,3994100.0,26431.25,32.5392274162,
2016-02-02,1374775.08365,14242.0,169923000.0,2.22,3451270.0,25864.6875,29.4629278384,
2016-02-03,1507493.46534,14218.0,186609000.0,2.43,3987750.0,27301.71875,27.7291754773,
2016-02-04,834721.46983,14273.0,194126000.0,2.53,3552320.0,26562.34375,32.7175018566,
2016-02-05,1481566.12417,15140.0,197363000.0,2.57,2636700.0,26558.59375,38.9743714932,
2016-02-06,592095.109826,31337.0,194621000.0,2.53,1921240.0,26345.78125,240.782836139,
2016-02-07,2274794.97332,14219.0,194884000.0,2.54,7007060.0,26684.6875,53.1207339074,
2016-02-08,4375792.90755,14598.0,228504000.0,2.97,9725690.0,26651.875,37.8124273589,
2016-02-09,4966029.42603,15453.0,244110000.0,3.17,17954000.0,26474.21875,50.1669254837,
2016-02-10,7746949.51446,17079.0,307684000.0,4.0,28640400.0,26161.25,58.8842443713,
2016-02-11,8085998.40217,21064.0,345964000.0,4.5,26408200.0,26477.8125,46.5235472664,
2016-02-12,12510236.4474,18001.0,457618000.0,5.95,23360800.0,26498.90625,33.065545419,
2016-02-13,7352170.22984,19247.0,437667000.0,5.69,24218800.0,26884.6875,36.1185857096,
2016-02-14,4965400.47055,16571.0,416193000.0,5.4,11226500.0,26329.0625,27.7730442997,
2016-02-15,3903432.19386,17096.0,410643000.0,5.33,13934200.0,26225.3125,30.7253429587,
2016-02-16,6928102.16575,17458.0,410605000.0,5.33,15889100.0,26445.78125,33.2945208106,
2016-02-17,3234725.8286,19901.0,330635000.0,4.29,15451000.0,25672.03125,41.0193936772,
2016-02-18,4248506.44875,16895.0,291068000.0,3.77,17054000.0,26214.84375,29.2699233549,
2016-02-19,2164082.76871,17788.0,338222000.0,4.38,7666320.0,26655.46875,37.0360032943,
2016-02-20,5578710.35002,16664.0,361281000.0,4.68,8631090.0,26560.78125,26.7916448964,
2016-02-21,2079867.79463,16981.0,336572000.0,4.36,6413550.0,26536.5625,28.140680308,
2016-02-22,3748825.58399,18096.0,360185000.0,4.66,15056200.0,26757.8125,32.5491110595,
2016-02-23,8805613.80032,18357.0,439084000.0,5.68,13380600.0,26170.0,94.1643662476,
2016-02-24,11730399.6364,19476.0,432977000.0,5.6,11426500.0,26426.875,52.032071341,
2016-02-25,5711754.03552,19412.0,478149000.0,6.19,21471800.0,26823.75,31.6128430903,
2016-02-26,24230968.1634,20374.0,466797000.0,6.04,9526860.0,26654.0625,50.8616404256,
2016-02-27,12949284.3196,18903.0,461169000.0,5.96,8903210.0,26196.09375,28.3747446946,
2016-02-28,4995519.5113,18954.0,495545000.0,6.41,9851660.0,26425.78125,29.3587208003,
2016-02-29,4596368.73002,20146.0,499587000.0,6.46,7648020.0,25229.53125,32.9441902138,
2016-03-01,8239273.94953,21664.0,489188000.0,6.32,23098100.0,26481.09375,33.9508403306,
2016-03-02,27459006.4253,23485.0,591078000.0,7.63,29130200.0,26644.21875,39.0787626379,
2016-03-03,17711687.5864,24751.0,653959000.0,8.44,40314900.0,26111.25,35.3327310901,
2016-03-04,13963343.4884,24159.0,716027000.0,9.24,35520100.0,25881.5625,33.9631795907,
2016-03-05,29697496.0815,26956.0,803827000.0,10.37,56439600.0,26585.9375,33.8981528103,
2016-03-06,18066961.2525,27548.0,868736000.0,11.2,39112000.0,25399.6875,37.6921226264,
2016-03-07,16904671.1944,23178.0,886447000.0,11.43,34085100.0,25985.46875,30.3772576273,
2016-03-08,20568777.7031,23950.0,743456000.0,9.58,25524300.0,25823.125,33.3474639412,
2016-03-09,11011841.9681,24374.0,760017000.0,9.79,27540500.0,25740.78125,26.064171433,
2016-03-10,10185027.7102,24727.0,922452000.0,11.88,26851500.0,26630.0,20.3466620474,
2016-03-11,10552682.559,23042.0,871511000.0,11.22,21002700.0,26302.5,19.2479047956,
2016-03-12,16998327.6604,27799.0,864733000.0,11.13,48957300.0,26370.15625,24.2939252773,
2016-03-13,26786524.9344,28014.0,1049930000.0,13.51,43915100.0,27250.46875,25.6417147769,
2016-03-14,23688567.8523,28359.0,1128180000.0,14.51,58385100.0,26407.96875,27.7887085331,
2016-03-15,16846968.2157,29149.0,1011090000.0,13.0,28404500.0,31223.59375,24.0129653977,
2016-03-16,14514876.8702,27458.0,1013020000.0,13.02,24335500.0,31490.15625,23.8727859454,
2016-03-17,21905195.8074,33445.0,977389000.0,12.56,41650600.0,32024.53125,31.6680980213,
2016-03-18,26172947.5544,31727.0,867949000.0,11.11,53956800.0,31282.8125,27.4326886832,
2016-03-19,8872183.79219,34712.0,875689000.0,11.2,26735700.0,32079.0625,44.2853796416,
2016-03-20,5845868.77726,32304.0,822297000.0,10.52,17651100.0,31587.65625,35.7288538516,
2016-03-21,9182491.74127,32327.0,805997000.0,10.3,28572600.0,31394.21875,32.4623890738,
2016-03-22,8144005.30953,32812.0,929610000.0,11.88,19730300.0,31711.875,26.1394891028,
2016-03-23,6495245.54193,31562.0,887595000.0,11.33,19353200.0,31294.0625,32.6582983315,
2016-03-24,11870464.1369,36705.0,975295000.0,12.44,26081800.0,32071.09375,41.4097826339,
2016-03-25,6241282.38728,36665.0,883012000.0,11.26,13782000.0,31889.84375,40.3548918251,
2016-03-26,3591618.47451,36537.0,844742000.0,10.77,9425480.0,31928.4375,35.0564205112,
2016-03-27,12895208.4681,29895.0,862211000.0,10.99,16744800.0,31630.78125,19.2099077568,
2016-03-28,8274565.85335,33508.0,819007000.0,10.43,23188300.0,31313.4375,26.3821260856,
2016-03-29,15192583.0352,33803.0,923114000.0,11.75,17684200.0,31437.8125,23.9127898866,
2016-03-30,15858748.7919,36649.0,911902000.0,11.61,19351200.0,31700.46875,37.3774814231,
2016-03-31,10705688.8893,31397.0,936992000.0,11.92,14966700.0,31388.90625,25.0216632981,
2016-04-01,4362306.53853,33194.0,896537000.0,11.4,11373100.0,31884.6875,24.2374098938,
2016-04-02,4374118.65075,29155.0,914995000.0,11.63,8682620.0,31081.25,18.065663951,
2016-04-03,2538095.15394,29479.0,915175000.0,11.63,5580550.0,31729.6875,17.9368728686,
2016-04-04,5104529.65468,34797.0,914560000.0,11.62,9599070.0,31953.125,24.8694159203,
2016-04-05,7698526.70917,39041.0,883170000.0,11.21,20557300.0,31574.84375,28.6069272826,
2016-04-06,6153894.35731,31977.0,823420000.0,10.45,16997100.0,31262.65625,21.6791327625,
2016-04-07,7746868.60984,31756.0,843091000.0,10.7,13464500.0,31167.34375,21.4127194869,
2016-04-08,5543466.18236,33911.0,794705000.0,10.08,14660600.0,31914.375,25.167538266,
2016-04-09,12665352.9724,31859.0,764797000.0,9.69,16194800.0,30913.59375,19.9980599971,
2016-04-10,10802857.8276,32161.0,722133000.0,9.15,42613400.0,31774.21875,19.4470129477,
2016-04-11,5574518.6422,30227.0,706074000.0,8.94,15138100.0,30970.9375,18.6565029086,
2016-04-12,9421411.048,34592.0,682395000.0,8.64,23190100.0,31385.9375,22.906012148,
2016-04-13,8466729.51491,35988.0,587994000.0,7.44,31403300.0,31486.09375,32.96712421,
2016-04-14,7626684.27683,34716.0,638330000.0,8.08,13590700.0,31401.09375,31.7285716006,
2016-04-15,4965797.17728,34895.0,663169000.0,8.39,12179000.0,31733.4375,23.3788742306,
2016-04-16,3571858.659,30432.0,651554000.0,8.24,9888460.0,31531.25,17.2244827782,
2016-04-17,7109867.77473,40159.0,682467000.0,8.62,24619600.0,31499.375,30.2081937039,
2016-04-18,5957899.07769,33457.0,738916000.0,9.33,21084100.0,31863.28125,20.0991878237,
2016-04-19,3710246.06542,32577.0,718825000.0,9.08,12899100.0,31326.5625,19.10494585,
2016-04-20,5863270.96923,32843.0,688434000.0,8.69,15634700.0,31831.40625,23.8484106082,
2016-04-21,3999733.5658,36181.0,670104000.0,8.45,13355400.0,31373.90625,30.3808260505,
2016-04-22,6147374.37562,31586.0,646298000.0,8.15,13309300.0,31576.71875,20.5760795602,
2016-04-23,7899555.59552,31763.0,618147000.0,7.79,14565200.0,31693.59375,19.5139447522,
2016-04-24,3111077.22359,33970.0,658203000.0,8.29,10786400.0,31493.75,22.4860145178,
2016-04-25,5709828.10013,35325.0,635784000.0,8.01,18239900.0,32138.28125,23.8621661786,
2016-04-26,8761555.11393,32495.0,597819000.0,7.53,17667300.0,31287.8125,21.6593834799,
2016-04-27,5777260.5315,33772.0,587076000.0,7.39,19254500.0,31875.0,20.450152725,
2016-04-28,6025711.86581,34251.0,615316000.0,7.74,11576000.0,31682.5,22.6386238477,
2016-04-29,4384710.09234,37277.0,573124000.0,7.21,8762080.0,31683.59375,23.4352529152,
2016-04-30,20174849.6865,45676.0,592992000.0,7.45,36573300.0,31891.71875,32.1524560635,
2016-05-01,15499781.2619,38442.0,698377000.0,8.78,16713800.0,31009.0625,36.7006692374,
2016-05-02,17058092.7763,41654.0,708137000.0,8.89,41019200.0,31912.1875,27.4278673978,
2016-05-03,14343392.0519,37701.0,809644000.0,10.17,21463900.0,31794.375,26.8409902307,
2016-05-04,10316379.0596,37333.0,747638000.0,9.38,17622400.0,31458.75,27.3227470289,
2016-05-05,10384630.3723,38564.0,749038000.0,9.4,18296200.0,31776.25,31.1348114447,
2016-05-06,20087422.854,41105.0,782261000.0,9.81,21510600.0,31741.40625,35.1748890596,
2016-05-07,14177187.1197,35795.0,743166000.0,9.32,10806500.0,31573.125,24.2278234342,
2016-05-08,13341710.9914,39960.0,748030000.0,9.37,15031000.0,31849.21875,28.9009012759,
2016-05-09,19259678.7496,38421.0,758000000.0,9.49,13085300.0,31801.40625,26.3419338861,
2016-05-10,19192356.1174,40566.0,741417000.0,9.28,9321790.0,31700.9375,27.7014495532,
2016-05-11,28794883.3564,40649.0,753600000.0,9.43,15267500.0,31253.125,31.6268258168,
2016-05-12,32664390.0591,44830.0,798952000.0,10.0,24137700.0,32257.03125,39.262539722,
2016-05-13,81784685.8907,47587.0,804647000.0,10.06,31276900.0,32196.71875,43.1900099362,
2016-05-14,62166782.1778,45649.0,840395000.0,10.51,18808000.0,31667.8125,35.4513350692,
2016-05-15,15320022.3124,42986.0,819399000.0,10.24,9218400.0,31805.46875,31.3052073619,
2016-05-16,14878197.234,37150.0,798116000.0,9.97,29079900.0,31514.6875,27.5984398169,
2016-05-17,14809048.7035,40019.0,896505000.0,11.19,37198700.0,32192.1875,28.4667373773,
2016-05-18,22172358.9387,45760.0,975878000.0,12.18,65389900.0,32404.375,35.0700451096,
2016-05-19,36040562.4471,44361.0,1085570000.0,13.54,53757500.0,31903.59375,33.1446751217,
2016-05-20,33602814.4867,44957.0,1191080000.0,14.85,50544100.0,32089.6875,38.0279693732,
2016-05-21,13659739.8313,41727.0,1098220000.0,13.69,24648400.0,31835.78125,35.7999311369,
2016-05-22,9438789.69709,38433.0,1126810000.0,14.04,17938900.0,32260.0,28.8760891148,
2016-05-23,17881207.8308,43655.0,1146470000.0,14.28,23842800.0,32080.625,29.6344093351,
2016-05-24,23464157.5391,42785.0,1068670000.0,13.31,41560600.0,32003.28125,28.5958066832,
2016-05-25,21957301.3053,46282.0,1027940000.0,12.79,27444700.0,32357.03125,32.7334181652,
2016-05-26,16054008.1738,50948.0,1006080000.0,12.52,20764000.0,32044.375,35.5583958399,
2016-05-27,32401610.939,48529.0,996293000.0,12.39,57496400.0,32321.71875,37.9956614517,
2016-05-28,25072096.1181,68241.0,911724000.0,11.33,47274800.0,32318.59375,80.9727864538,
2016-05-29,12174437.101,45291.0,974784000.0,12.11,28598400.0,31969.21875,38.7887229112,
2016-05-30,12484729.1779,42691.0,992329000.0,12.33,14733800.0,32007.1875,31.8557468224,
2016-05-31,13010026.9998,44174.0,1026410000.0,12.74,42433400.0,31529.21875,31.1542376751,
2016-06-01,11117655.526,41938.0,1136900000.0,14.11,22471300.0,32147.96875,31.2007542113,
2016-06-02,6988740.87901,39467.0,1127830000.0,13.99,10477200.0,32182.1875,25.8601070977,
2016-06-03,8607840.17533,39713.0,1108220000.0,13.74,22981500.0,32272.1875,25.2400897144,
2016-06-04,6447793.65627,37751.0,1118460000.0,13.86,15792400.0,32141.5625,24.3835327478,
2016-06-05,6261589.74803,37754.0,1110690000.0,13.76,11088400.0,31583.125,23.8388060764,
2016-06-06,6723135.92176,38518.0,1130350000.0,14.0,8720400.0,32371.875,25.8661862688,
2016-06-07,13967639.3766,46008.0,1126330000.0,13.95,21421600.0,31945.9375,67.4821121368,
2016-06-08,31226829.0661,40289.0,1172230000.0,14.51,16941800.0,32302.96875,28.4308121929,
2016-06-09,6670070.20381,39565.0,1166450000.0,14.43,8256830.0,32225.9375,28.8947670119,
2016-06-10,12872878.8209,40048.0,1162500000.0,14.38,11312900.0,31164.21875,28.8965116069,
2016-06-11,7331480.36579,36776.0,1125180000.0,13.91,12176500.0,32371.71875,27.2246302396,
2016-06-12,15608527.5368,42385.0,1148070000.0,14.19,38210300.0,32220.625,29.1641009981,
2016-06-13,18625608.0609,45771.0,1276930000.0,15.77,38023400.0,32224.21875,36.9064528155,
2016-06-14,24910990.2182,49857.0,1426500000.0,17.61,64412200.0,32145.46875,38.4692114358,
2016-06-15,17362158.4656,43059.0,1531790000.0,18.91,19393400.0,31867.03125,30.4563759146,
2016-06-16,27213052.3212,42787.0,1488420000.0,18.36,38531000.0,31877.65625,40.8152922506,
2016-06-17,86871706.8412,63730.0,1674540000.0,20.65,199408000.0,33412.65625,229.306004249,
2016-06-18,79113407.8262,57751.0,1247530000.0,15.38,133937000.0,34390.9375,271.194911214,
2016-06-19,20269851.8055,50584.0,906292000.0,11.17,69783600.0,33195.46875,54.1274846775,
2016-06-20,32009615.7476,46698.0,993503000.0,12.24,58143600.0,31714.84375,51.7672177062,
2016-06-21,21124909.4962,47092.0,960014000.0,11.82,69245600.0,31988.4375,82.8444351301,
2016-06-22,27236334.6003,48353.0,1072510000.0,13.2,96994100.0,32670.625,51.4450641653,
2016-06-23,23490805.4035,41237.0,1074240000.0,13.22,30806400.0,31848.125,31.9782696885,
2016-06-24,15367720.4705,45105.0,1112590000.0,13.68,33332900.0,32171.875,39.4267481733,
2016-06-25,17981538.1059,36529.0,1163530000.0,14.3,15383100.0,31685.9375,28.3016482214,
2016-06-26,8879312.03385,41513.0,1160590000.0,14.26,14747600.0,32314.6875,27.4679857904,
2016-06-27,9013527.23351,39529.0,1124170000.0,13.81,10994700.0,32094.84375,27.658056518,
2016-06-28,21720485.6258,42923.0,1134340000.0,13.93,43436600.0,32161.40625,32.1001779297,
2016-06-29,15430631.7123,49707.0,991926000.0,12.17,26982800.0,31870.0,56.8564521144,
2016-06-30,10947244.5223,63819.0,1027260000.0,12.6,15801300.0,31982.96875,87.8874111626,
2016-07-01,10696549.2315,39552.0,1014220000.0,12.44,17236500.0,32621.40625,45.4540962086,
2016-07-02,5656333.34994,39186.0,996510000.0,12.22,8987070.0,31916.5625,24.3756055503,
2016-07-03,6230248.18525,39621.0,989132000.0,12.12,10588700.0,32039.6875,30.7268765864,
2016-07-04,13692861.9589,39825.0,954849000.0,11.7,12943500.0,32137.1875,26.7728809561,
2016-07-05,41255884.6751,38506.0,935730000.0,11.46,45526900.0,31581.5625,30.1588816601,
2016-07-06,11233399.3311,37712.0,864063000.0,10.58,18137300.0,32354.84375,29.6920773155,
2016-07-07,10391924.6599,40329.0,861144000.0,10.54,15407200.0,31895.9375,26.6133004483,
2016-07-08,6983290.70339,42210.0,827090000.0,10.12,20039800.0,31949.53125,39.3474835453,
2016-07-09,6762488.68443,39896.0,933946000.0,11.42,17254800.0,32798.125,49.1146846651,
2016-07-10,7280454.95737,39242.0,896899000.0,10.96,5479240.0,31965.46875,27.646053878,
2016-07-11,8823086.6885,38430.0,895670000.0,10.94,13098000.0,31985.3125,28.5486932576,
2016-07-12,9048467.20081,39597.0,855555000.0,10.45,11127700.0,31757.34375,32.6386390419,
2016-07-13,9904930.47019,35569.0,860770000.0,10.51,6715660.0,32157.96875,24.749750158,
2016-07-14,9857487.9319,42593.0,868509000.0,10.6,23621900.0,31815.15625,32.4096418807,
2016-07-15,44925963.7223,40991.0,942817000.0,11.5,26838900.0,31884.6875,29.146970369,
2016-07-16,9320870.59082,37999.0,977658000.0,11.92,10445700.0,32166.09375,23.880860192,
2016-07-17,8881489.73622,33849.0,953762000.0,11.62,17921600.0,31781.71875,19.6470124335,
2016-07-18,31952619.3412,39107.0,917151000.0,11.17,15931900.0,32498.125,25.6532652757,
2016-07-19,107762534.353,44086.0,907135000.0,11.05,21730000.0,31773.90625,29.2178985719,
2016-07-20,162825323.261,49675.0,952143000.0,11.59,60226100.0,31911.09375,75.5856876749,
2016-07-21,21921878.0378,44687.0,1024000000.0,12.46,24636900.0,32787.5,34.2105207171,
2016-07-22,38482684.0117,48288.0,1040640000.0,12.66,74779500.0,31690.625,37.4178476059,
2016-07-23,38582313.1142,44923.0,1206190000.0,14.67,32489700.0,32391.25,33.0563051968,
2016-07-24,183314006.204,58122.0,1176250000.0,14.3,77750800.0,31480.0,37.34635349,
2016-07-25,125016413.714,54691.0,1048920000.0,12.74,36673800.0,31991.5625,39.4303377071,
2016-07-26,287407809.723,61701.0,1137660000.0,13.82,94428800.0,30770.0,45.4888850849,
2016-07-27,150289144.224,51992.0,992645000.0,12.05,58278800.0,32945.3125,38.2401256064,
2016-07-28,99187877.8701,48344.0,1069560000.0,12.98,24603900.0,32354.21875,63.9512623846,
2016-07-29,68574948.7651,46930.0,1058220000.0,12.84,14082300.0,31939.375,45.6820482747,
2016-07-30,48195345.1862,41925.0,1055410000.0,12.8,9047810.0,31641.71875,29.9904692087,
2016-07-31,45082665.9161,48662.0,1026310000.0,12.44,25441400.0,32219.53125,30.3715109,
2016-08-01,64720923.4284,45919.0,981735000.0,11.89,23999500.0,31594.375,30.4418022721,
2016-08-02,111269769.149,48872.0,903978000.0,10.95,88803300.0,31355.15625,33.9640038066,
2016-08-03,77771645.1622,49346.0,733204000.0,8.88,53979400.0,31703.90625,33.0260360954,
2016-08-04,37980242.887,46559.0,851992000.0,10.31,38151400.0,32856.5625,32.4119004697,
2016-08-05,46228154.4212,43089.0,910856000.0,11.02,15487900.0,32232.03125,29.404612597,
2016-08-06,19791860.7877,41377.0,902752000.0,10.92,16712600.0,31586.09375,26.0545090408,
2016-08-07,22798647.8853,42880.0,898340000.0,10.86,16551000.0,32294.84375,27.6960324326,
2016-08-08,23211893.927,42789.0,903184000.0,10.91,14956700.0,32175.9375,53.896575426,
2016-08-09,35712870.1067,46695.0,933431000.0,11.27,36656600.0,32666.40625,31.4768203967,
2016-08-10,58978899.1744,45893.0,1012910000.0,12.23,28096300.0,32162.96875,33.4222422815,
2016-08-11,47262829.5423,47851.0,1005720000.0,12.14,17505000.0,32196.09375,32.0867216427,
2016-08-12,26849256.3762,44066.0,968865000.0,11.69,13690100.0,32112.03125,30.1998667709,
2016-08-13,23503036.6389,40891.0,975999000.0,11.77,7539490.0,31998.90625,25.0778138471,
2016-08-14,18654435.7161,40545.0,960855000.0,11.58,8680160.0,31965.15625,24.1981188808,
2016-08-15,16046058.3643,42234.0,929558000.0,11.2,7500840.0,32332.65625,27.1551555564,
2016-08-16,10487367.2249,48880.0,932162000.0,11.23,7051510.0,32037.1875,31.1642849287,
2016-08-17,19649803.2859,44805.0,924591000.0,11.13,8833760.0,31994.53125,28.7017390128,
2016-08-18,12746921.5545,47731.0,892903000.0,10.75,6935800.0,32789.0625,36.0614908017,
2016-08-19,11026704.0671,42893.0,893156000.0,10.75,5390850.0,31841.40625,29.8323587496,
2016-08-20,16660412.0577,41253.0,893814000.0,10.75,7443540.0,32228.125,26.6076953257,
2016-08-21,39968156.509,42468.0,936015000.0,11.25,4355660.0,32699.84375,29.0174424724,
2016-08-22,25010022.9385,44161.0,930708000.0,11.19,6588920.0,32289.6875,29.9094560932,
2016-08-23,49946372.6823,48028.0,927065000.0,11.14,6489380.0,32187.03125,72.1185708616,
2016-08-24,11029422.4943,46724.0,918039000.0,11.02,4423420.0,32273.4375,30.0032587804,
2016-08-25,10198398.787,49762.0,918977000.0,11.03,8552380.0,32135.625,32.4829039281,
2016-08-26,22218435.3088,47246.0,946092000.0,11.35,5857850.0,31871.40625,31.5759359478,
2016-08-27,10881913.6159,47889.0,941585000.0,11.29,15108400.0,32306.40625,28.5799392376,
2016-08-28,9252287.09165,42580.0,929690000.0,11.15,5303040.0,32024.21875,25.7272567154,
2016-08-29,13020490.8077,45441.0,910698000.0,10.92,8130540.0,31930.15625,29.4068966774,
2016-08-30,9426117.35751,46872.0,917474000.0,10.99,7221260.0,31871.09375,32.2463765944,
2016-08-31,12280701.7585,45771.0,938406000.0,11.24,11073700.0,32138.28125,29.9976642563,
2016-09-01,23131550.4118,47430.0,974844000.0,11.67,24051500.0,31744.6875,31.7436559422,
2016-09-02,20991572.8644,55316.0,999757000.0,11.96,9368300.0,32384.0625,45.2298779712,
2016-09-03,15145481.7156,44765.0,1012580000.0,12.11,13358800.0,31495.9375,27.1807498054,
2016-09-04,17433395.0341,48066.0,982952000.0,11.75,7220550.0,31859.6875,49.336067762,
2016-09-05,9499487.65425,42454.0,977169000.0,11.68,5724100.0,32194.0625,28.6288674638,
2016-09-06,11344162.0935,48888.0,981303000.0,11.73,6346330.0,31681.40625,33.3802667258,
2016-09-07,10302109.7288,48547.0,979087000.0,11.69,6115050.0,32267.8125,34.199424352,
2016-09-08,17511514.5891,55832.0,967010000.0,11.55,11535000.0,31908.59375,41.2065397787,
2016-09-09,7932457.96084,53507.0,956210000.0,11.41,6109200.0,32216.875,41.8968790074,
2016-09-10,7800680.43587,42595.0,977515000.0,11.66,7220300.0,31830.625,27.4070633415,
2016-09-11,10321578.5765,43291.0,1023640000.0,12.21,8791180.0,32352.96875,28.5480457112,
2016-09-12,10819500.5265,44320.0,976645000.0,11.64,7478080.0,32237.03125,35.0299990119,
2016-09-13,11379522.2701,42499.0,997638000.0,11.89,11704300.0,31904.84375,30.3921718439,
2016-09-14,8961322.04949,53693.0,999352000.0,11.9,5694820.0,32528.75,36.2993589651,
2016-09-15,7364668.08458,52522.0,1002970000.0,11.94,7309090.0,32182.8125,36.226955151,
2016-09-16,27144651.8581,57334.0,1004740000.0,11.96,17421500.0,32239.0625,46.9320136472,
2016-09-17,10043370.5255,46836.0,1055440000.0,12.56,7446610.0,32155.0,35.2813181503,
2016-09-18,19874708.9086,37734.0,1066620000.0,12.69,22433300.0,29573.90625,29.6452623983,
2016-09-19,11469223.0333,40477.0,1045870000.0,12.44,13838800.0,34276.875,27.6173777105,
2016-09-20,48695726.9271,53967.0,1111810000.0,13.21,31929100.0,32492.5,32.8255675989,
2016-09-21,58371360.5821,44311.0,1214950000.0,14.43,28645000.0,32083.75,30.1721860638,
2016-09-22,25773645.0319,52594.0,1150650000.0,13.66,27382800.0,31605.625,63.1461319383,
2016-09-23,27032758.8921,35208.0,1112590000.0,13.21,9166430.0,34276.875,49.0309313726,
2016-09-24,17838758.8865,43295.0,1122670000.0,13.32,9824880.0,33324.21875,71.029474726,
2016-09-25,31967554.2324,38641.0,1083510000.0,12.85,5283440.0,34394.21875,67.1402010936,
2016-09-26,19116431.3964,43448.0,1110700000.0,13.17,7213070.0,32127.65625,115.639205561,
2016-09-27,14571186.3985,46771.0,1085330000.0,12.86,6831070.0,35287.5,98.5407520975,
2016-09-28,32698581.213,42726.0,1106330000.0,13.11,10239000.0,32403.4375,68.1326911274,
2016-09-29,28043862.4834,40002.0,1121060000.0,13.28,5990630.0,32313.4375,41.279258006,
2016-09-30,11941478.8244,35590.0,1104530000.0,13.08,5950840.0,31623.28125,40.2590267936,
2016-10-01,10871461.7383,53033.0,1115690000.0,13.2,6331160.0,34478.59375,91.389499898,
2016-10-02,23656361.4245,50920.0,1114200000.0,13.18,4079660.0,35749.53125,87.475216666,
2016-10-03,8057917.07576,47056.0,1116600000.0,13.2,7458320.0,33282.65625,65.9275326369,
2016-10-04,9444778.96583,34074.0,1137980000.0,13.45,8348280.0,32054.53125,85.3677929496,
2016-10-05,13817431.7782,40876.0,1124270000.0,13.28,9881370.0,33081.5625,64.1657444881,
2016-10-06,12139306.8973,35896.0,1102940000.0,13.03,12044800.0,32822.5,50.2581089005,
2016-10-07,12028798.9001,43522.0,1088570000.0,12.85,8933050.0,36571.25,53.5697702514,
2016-10-08,13323800.1281,37109.0,1073990000.0,12.67,11611200.0,36094.6875,56.3805619035,
2016-10-09,31603875.3298,43242.0,1035590000.0,12.22,7208480.0,33425.625,60.0235700606,
2016-10-10,31177064.6914,43727.0,1022860000.0,12.06,10809200.0,33130.9375,54.6366896803,
2016-10-11,27052724.8573,40560.0,997949000.0,11.76,11727700.0,32479.53125,39.1986546124,
2016-10-12,30964787.1257,29943.0,1000220000.0,11.78,9694640.0,33092.65625,44.1864631391,
2016-10-13,12152335.168,32213.0,1011190000.0,11.91,8665190.0,34826.25,112.658501136,
2016-10-14,31588920.2126,41958.0,1018390000.0,11.99,4333510.0,32913.75,75.246620265,
2016-10-15,13851206.6431,33652.0,1014280000.0,11.94,4991840.0,32207.1875,69.0827230001,
2016-10-16,19157480.298,34982.0,1018540000.0,11.98,3617280.0,32930.3125,66.9971004116,
2016-10-17,21942137.1677,38085.0,1016710000.0,11.96,5724440.0,32374.0625,71.5395033683,
2016-10-18,34360816.0249,51666.0,1020530000.0,12.0,18864200.0,33324.0625,96.8632747236,
2016-10-19,13359418.0347,38237.0,1071710000.0,12.59,10576200.0,33142.1875,92.7641216228,
2016-10-20,8755901.3862,43331.0,1025620000.0,12.05,8170760.0,34536.5625,54.9449656219,
2016-10-21,7522418.56861,57738.0,1033140000.0,12.13,5676920.0,32126.875,41.964566913,
2016-10-22,6112528.17106,37510.0,1037850000.0,12.18,7583820.0,31702.65625,27.6596726004,
2016-10-23,5250775.40722,35309.0,1033970000.0,12.13,5774660.0,31331.875,26.3630368418,
2016-10-24,7846055.88521,52440.0,1026400000.0,12.04,5739690.0,32061.875,48.590630046,
2016-10-25,13233405.7072,46551.0,1020850000.0,11.97,19316000.0,31664.53125,43.1961562985,
2016-10-26,10602825.5092,44792.0,971440000.0,11.38,10221800.0,31956.875,35.2891849827,
2016-10-27,10679657.2199,44162.0,984361000.0,11.53,13255400.0,31445.0,33.3442909451,
2016-10-28,17675451.2091,41381.0,979916000.0,11.47,13971500.0,31079.0625,35.8920813422,
2016-10-29,20739829.8306,39950.0,948271000.0,11.1,27070400.0,29625.78125,31.1224817689,
2016-10-30,25326469.7965,39262.0,891164000.0,10.43,16694900.0,31964.21875,30.5914776705,
2016-10-31,13956061.5769,44904.0,960008000.0,11.23,13393900.0,32021.25,33.4148255304,
2016-11-01,31686180.5316,48526.0,937123000.0,10.96,22901300.0,30498.4375,41.1926858898,
2016-11-02,46424096.0295,43439.0,921691000.0,10.77,11691700.0,31142.03125,29.1975357372,
2016-11-03,107504511.482,42275.0,924097000.0,10.8,15228600.0,31215.9375,29.7031402679,
2016-11-04,12969021.5911,32514.0,926129000.0,10.82,9958040.0,30923.59375,21.7013637406,
2016-11-05,9589420.04079,37619.0,950213000.0,11.09,5502670.0,31424.53125,24.5980636757,
2016-11-06,5658778.45088,34318.0,941729000.0,10.99,5688710.0,31800.15625,23.2827188812,
2016-11-07,6992509.42586,41880.0,934536000.0,10.9,5992480.0,33259.0625,29.0298231322,
2016-11-08,7334481.95519,41440.0,930345000.0,10.85,6258150.0,32327.1875,31.4683431288,
2016-11-09,22038322.3907,40374.0,928063000.0,10.82,14606600.0,31002.34375,34.9854255859,
2016-11-10,10903260.1288,39725.0,915940000.0,10.67,4253980.0,31210.78125,35.3774355681,
2016-11-11,39425541.1578,40981.0,902479000.0,10.51,6056300.0,31339.375,44.235781586,
2016-11-12,12793689.1475,40794.0,883780000.0,10.29,10052500.0,31950.0,30.7177583947,
2016-11-13,12526414.8748,43576.0,849342000.0,9.89,8227770.0,32424.21875,33.9264709621,
2016-11-14,5397422.88041,43604.0,867755000.0,10.1,3573250.0,31884.21875,38.3145625685,
2016-11-15,10316734.072,45161.0,857223000.0,9.97,6557550.0,31437.03125,37.0273981022,
2016-11-16,11056031.1371,41411.0,878610000.0,10.22,9533550.0,31581.40625,34.924240184,
2016-11-17,32329190.7743,40640.0,865393000.0,10.06,6984700.0,30808.59375,30.4288000137,
2016-11-18,10806893.3873,43588.0,859571000.0,9.99,10816100.0,33100.78125,34.7011694881,
2016-11-19,8162244.72664,39229.0,816380000.0,9.48,5186540.0,32331.09375,27.9002168261,
2016-11-20,6179673.33214,41912.0,832050000.0,9.66,5173420.0,32456.40625,32.596468833,
2016-11-21,6338475.5379,42182.0,825381000.0,9.58,3663210.0,31815.3125,35.2515116807,
2016-11-22,24933511.78,53485.0,829616000.0,9.63,11284400.0,31177.5,38.0948458054,
2016-11-23,24183728.0476,64191.0,855265000.0,9.92,4812310.0,32621.875,82.2290779713,
2016-11-24,8273030.5091,36727.0,849229000.0,9.85,15987800.0,32401.40625,58.8932924112,
2016-11-25,14033740.8794,57092.0,796268000.0,9.23,7669720.0,33431.71875,59.8097480438,
2016-11-26,6627892.05747,40745.0,812795000.0,9.42,3505990.0,32496.5625,72.5988812305,
2016-11-27,6634627.92095,44386.0,804085000.0,9.31,8707660.0,33706.71875,114.916050187,
2016-11-28,7173752.06855,48286.0,777311000.0,9.0,6046890.0,33939.84375,122.219275573,
2016-11-29,11506953.169,46941.0,754307000.0,8.73,17000400.0,32977.96875,101.589444819,
2016-11-30,9682313.26036,39066.0,705040000.0,8.16,10626600.0,31840.0,35.3198401469,
2016-12-01,8959684.24117,36994.0,743882000.0,8.6,5882340.0,31748.28125,27.2231365201,
2016-12-02,28048691.7549,41559.0,731520000.0,8.46,18579800.0,31796.40625,28.0817572198,
2016-12-03,37500831.2646,41285.0,672138000.0,7.77,12112100.0,32116.40625,25.9100851966,
2016-12-04,13369771.4115,39587.0,684258000.0,7.9,8450790.0,31172.5,26.2590678523,
2016-12-05,27013313.7558,41478.0,641820000.0,7.41,17344500.0,31231.5625,31.2602277787,
2016-12-06,42577382.0524,48039.0,589548000.0,6.8,50671200.0,31978.75,34.7241903622,
2016-12-07,19284878.5103,41552.0,684258000.0,7.89,22229600.0,31710.625,34.9868308934,
2016-12-08,20995828.7845,39446.0,726878000.0,8.38,16042700.0,32094.0625,792.488980473,
2016-12-09,20645364.5514,41167.0,708468000.0,8.17,12916300.0,31660.625,31.4279448317,
2016-12-10,11925119.1829,40482.0,732173000.0,8.44,8108370.0,31676.40625,29.0273164597,
2016-12-11,15829385.2828,38810.0,705363000.0,8.13,5545500.0,31778.90625,36.8028247524,
2016-12-12,8719409.46404,38552.0,711348000.0,8.19,9119700.0,31342.5,31.2366663,
2016-12-13,9437164.79577,44509.0,740099000.0,8.52,4486190.0,31810.0,30.9644513838,
2016-12-14,8927974.42521,47172.0,734382000.0,8.45,7337220.0,31850.46875,34.8866533789,
2016-12-15,17485771.4772,46010.0,715861000.0,8.24,13184400.0,31367.8125,34.4278676072,
2016-12-16,11159379.4528,43900.0,683399000.0,7.86,5178610.0,31756.40625,30.5943881546,
2016-12-17,24412481.1731,38601.0,683357000.0,7.86,8502620.0,31962.34375,32.8017007862,
2016-12-18,16997457.5412,36461.0,684028000.0,7.86,5890020.0,31889.375,27.7232465599,
2016-12-19,10881154.8193,45061.0,685054000.0,7.87,5894760.0,31473.59375,36.451357769,
2016-12-20,10623337.567,44104.0,664772000.0,7.63,6313550.0,31668.90625,43.9015974653,
2016-12-21,15924311.6947,50653.0,667625000.0,7.66,9393550.0,31592.96875,54.7473654027,
2016-12-22,26347541.7502,55081.0,688380000.0,7.9,16376700.0,31074.0625,38.8444055975,
2016-12-23,47406505.9624,44302.0,660546000.0,7.58,19613100.0,31117.34375,29.6736691896,
2016-12-24,16826262.9972,37674.0,623759000.0,7.15,7626020.0,31326.875,25.8175253491,
2016-12-25,7694597.84954,36546.0,633792000.0,7.26,8671840.0,32008.4375,24.21790154,
2016-12-26,5926535.17728,34474.0,622439000.0,7.13,5836810.0,31644.6875,23.1204130102,
2016-12-27,10313120.8825,42120.0,635260000.0,7.28,8778610.0,31222.8125,36.3981345765,
2016-12-28,20743732.7599,43225.0,624359000.0,7.15,17453300.0,31575.15625,31.5753044266,
2016-12-29,34616499.1778,46238.0,658674000.0,7.54,27543800.0,31818.75,40.7002932065,
2016-12-30,27212971.054,44346.0,724528000.0,8.29,13909900.0,31681.5625,44.8109107657,
2016-12-31,51837132.5122,40867.0,712662000.0,8.15,9066800.0,31228.125,28.5988008057,
2017-01-01,14513154.1945,38589.0,698149000.0,7.98,14731700.0,31748.28125,25.2622248542,
2017-01-02,23344129.8884,39436.0,714900000.0,8.17,14579600.0,31527.03125,28.1183410555,
2017-01-03,42413712.0693,45767.0,732988000.0,8.37,33625200.0,31527.03125,40.2453430987,
2017-01-04,76363631.1449,50468.0,850115000.0,9.71,41051200.0,32099.53125,39.5045834366,
2017-01-05,91265917.8301,49435.0,988599000.0,11.29,41557400.0,31817.03125,34.8575779035,
2017-01-06,76338442.4239,43472.0,901249000.0,10.29,29471800.0,31359.53125,31.3190764023,
2017-01-07,45077673.8412,43341.0,897636000.0,10.24,23153600.0,31895.0,30.1844940738,
2017-01-08,24698760.5098,42522.0,865667000.0,9.87,16676600.0,31684.375,33.0242278321,
2017-01-09,45508389.4688,46035.0,904682000.0,10.31,25718300.0,31750.3125,35.9191696901,
2017-01-10,47601657.046,48037.0,909897000.0,10.37,10879700.0,31349.375,38.7094040139,
2017-01-11,48647927.7953,45062.0,925320000.0,10.54,26823500.0,31522.96875,34.6341343072,
2017-01-12,44240441.6637,49879.0,853638000.0,9.72,30453800.0,31556.71875,37.0830606608,
2017-01-13,24531506.1469,49841.0,863241000.0,9.83,25066600.0,31730.3125,35.7827319837,
2017-01-14,9180456.69716,41253.0,859971000.0,9.79,20085800.0,31478.125,28.7393233594,
2017-01-15,5752163.17958,41509.0,864037000.0,9.83,14837900.0,31702.03125,29.981494276,
2017-01-16,7949127.44311,45290.0,869126000.0,9.88,14937400.0,31540.3125,32.5237134072,
2017-01-17,15014404.1738,46563.0,847981000.0,9.64,18391900.0,31296.09375,39.422370215,
2017-01-18,8990409.72716,44703.0,906079000.0,10.3,10788200.0,31605.46875,33.9842136416,
2017-01-19,10265112.6111,43465.0,901484000.0,10.24,8347550.0,32123.59375,31.2952820221,
2017-01-20,28039014.2627,45344.0,914696000.0,10.39,10992800.0,31121.09375,33.6477800821,
2017-01-21,10026822.9779,43218.0,933405000.0,10.6,11937600.0,31523.75,30.6639268623,
2017-01-22,10690460.2552,47342.0,961463000.0,10.91,8678620.0,31577.8125,35.7686556111,
2017-01-23,9450645.112,45784.0,944159000.0,10.71,7267210.0,31498.4375,35.0188611801,
2017-01-24,8468656.93426,50273.0,946083000.0,10.73,8327330.0,31420.46875,41.1642604086,
2017-01-25,10061171.3915,46108.0,936769000.0,10.62,6751450.0,31423.59375,37.7567063358,
2017-01-26,11303630.437,46364.0,932575000.0,10.57,8465020.0,31784.6875,36.4599476365,
2017-01-27,10846935.454,46437.0,934404000.0,10.58,7189170.0,31114.84375,35.3494286974,
2017-01-28,6330126.87346,44730.0,930688000.0,10.54,6580700.0,31527.96875,33.3450090098,
2017-01-29,9201417.69971,42361.0,933087000.0,10.56,4689950.0,31120.0,30.6185459322,
2017-01-30,7308623.91092,44857.0,927415000.0,10.49,8042180.0,31928.4375,32.7925384558,
2017-01-31,13499225.3021,43572.0,933975000.0,10.56,11648700.0,31413.90625,32.0090382318,
2017-02-01,13636761.0963,44343.0,949969000.0,10.74,12852200.0,31332.1875,38.1155411063,
2017-02-02,13212637.0427,43516.0,949793000.0,10.74,10172500.0,31414.84375,35.4593973553,
2017-02-03,17716699.529,42637.0,956944000.0,10.81,12897800.0,31273.28125,34.0593551152,
2017-02-04,19691428.1504,45109.0,985277000.0,11.13,14139500.0,31760.78125,32.9716617267,
2017-02-05,8525713.45501,46416.0,1013400000.0,11.44,5942960.0,31598.4375,34.8408213288,
2017-02-06,15596703.8427,47190.0,1005930000.0,11.35,5695440.0,31626.71875,35.8656136242,
2017-02-07,14586883.409,51576.0,1012620000.0,11.43,7629640.0,31491.40625,46.0687150027,
2017-02-08,13787002.1396,50430.0,1023170000.0,11.54,9688630.0,31704.21875,43.7137416511,
2017-02-09,15302930.4871,47747.0,1014280000.0,11.44,18400300.0,31430.9375,40.6816216722,
2017-02-10,18152751.7909,52086.0,979961000.0,11.04,11914200.0,31496.40625,46.2194035495,
2017-02-11,10534720.7152,46313.0,1002130000.0,11.29,7544520.0,31589.84375,38.4959331707,
2017-02-12,13747872.8748,44806.0,1008030000.0,11.35,6264900.0,31569.6875,40.3367765651,
2017-02-13,13763287.1177,55818.0,1011080000.0,11.38,7216520.0,31734.0625,61.4631543872,
2017-02-14,39405071.7391,58108.0,1002810000.0,11.29,42911500.0,31464.0625,49.8321843542,
2017-02-15,54719825.2345,55165.0,1159000000.0,13.04,18464700.0,31728.28125,90.5277610182,
2017-02-16,30856857.8168,49539.0,1148860000.0,12.92,38002600.0,31539.84375,39.211240293,
2017-02-17,33362919.46,49277.0,1147260000.0,12.9,11636500.0,31327.8125,38.8466740572,
2017-02-18,30281612.4742,48518.0,1130750000.0,12.71,9370010.0,31211.71875,44.6526989258,
2017-02-19,30061119.8704,48006.0,1140870000.0,12.82,7799740.0,31267.1875,36.3126742897,
2017-02-20,31315812.9488,49948.0,1136610000.0,12.77,12994400.0,31387.8125,41.0344679946,
2017-02-21,46791865.1969,57673.0,1099330000.0,12.34,15183300.0,31410.625,54.8654796653,
2017-02-22,34205962.4989,50122.0,1130460000.0,12.69,10360900.0,30993.59375,50.9543476139,
2017-02-23,32761441.3378,47425.0,1122910000.0,12.6,14522300.0,31229.53125,43.352493042,
2017-02-24,67243503.7546,53929.0,1171110000.0,13.13,19574400.0,31263.59375,41.3392381378,
2017-02-25,41659822.3709,53145.0,1165230000.0,13.06,18533900.0,31553.90625,44.6624223243,
2017-02-26,52028744.2487,51599.0,1206150000.0,13.52,20307500.0,31820.15625,39.379004378,
2017-02-27,132544745.612,52438.0,1294770000.0,14.51,31667000.0,31246.40625,45.0273860007,
2017-02-28,174797971.245,60103.0,1379600000.0,15.45,65478900.0,31856.09375,50.9626914234,
2017-03-01,186940115.007,58598.0,1415510000.0,15.85,44927500.0,31144.84375,54.9429716489,
2017-03-02,300792236.627,70411.0,1550750000.0,17.36,83627100.0,31628.4375,54.862694243,
2017-03-03,313726198.561,63785.0,1702140000.0,19.04,95863400.0,31301.40625,46.4031228022,
2017-03-04,208574286.238,58648.0,1745140000.0,19.52,27341900.0,31172.65625,42.5194205193,
2017-03-05,169457980.835,56464.0,1655030000.0,18.5,26816300.0,31561.875,43.4387034902,
2017-03-06,295314023.147,56907.0,1725360000.0,19.28,32432700.0,31153.125,41.3516920185,
2017-03-07,203052975.996,62486.0,1752530000.0,19.58,37972200.0,31068.75,43.8027086159,
2017-03-08,212481283.788,55239.0,1690760000.0,18.88,44304600.0,31325.9375,40.3174840909,
2017-03-09,247499354.769,64057.0,1490500000.0,16.64,31418400.0,30809.53125,49.7685971018,
2017-03-10,239731806.012,64071.0,1589640000.0,17.74,87506800.0,31027.03125,55.5727564282,
2017-03-11,308302014.942,64649.0,1736630000.0,19.37,69150100.0,31235.46875,47.9614290612,
2017-03-12,517866592.662,66483.0,1924660000.0,21.46,74628900.0,30849.53125,48.529026723,
2017-03-13,442750583.636,81400.0,2108300000.0,23.5,255488000.0,31612.5,76.362749611,
2017-03-14,225085653.931,76374.0,2563700000.0,28.57,101797000.0,31216.09375,74.8226057744,
2017-03-15,225150556.095,80175.0,2571160000.0,28.65,170344000.0,31373.90625,64.3079895312,
2017-03-16,1117180281.47,108541.0,3174750000.0,35.36,454418000.0,31431.71875,85.3988859834,
2017-03-17,739105975.005,106214.0,4125480000.0,45.93,497534000.0,31841.875,88.9662025976,
2017-03-18,1103807282.94,89682.0,4211830000.0,46.87,262180000.0,31482.34375,60.5198445644,
2017-03-19,185304176.774,84369.0,3193600000.0,35.53,239430000.0,30994.53125,57.0035103527,
2017-03-20,295718938.315,79896.0,4031270000.0,44.83,154701000.0,31670.3125,56.9492118389,
2017-03-21,571528656.961,83857.0,3913620000.0,43.51,91265400.0,31013.28125,64.2187189342,
2017-03-22,492878344.002,78300.0,3880120000.0,43.12,113952000.0,31375.46875,60.1964704441,
2017-03-23,493762785.554,81959.0,3831310000.0,42.57,100724000.0,30980.9375,60.9990820376,
2017-03-24,696111016.614,86992.0,3929230000.0,43.64,297046000.0,30840.9375,73.2890178984,
2017-03-25,648700130.913,84189.0,4825700000.0,53.58,223059000.0,31062.8125,58.0924530095,
2017-03-26,487923463.622,79266.0,4574540000.0,50.77,106859000.0,31172.34375,58.1047285761,
2017-03-27,566059625.76,91493.0,4624990000.0,51.31,118978000.0,31005.3125,77.7392460667,
2017-03-28,547367426.023,83821.0,4482160000.0,49.71,97745300.0,30555.46875,63.8820732427,
2017-03-29,671329491.637,92695.0,4561150000.0,50.57,144998000.0,31268.28125,69.3249844145,
2017-03-30,916961625.955,95382.0,4793280000.0,53.12,86885700.0,30819.84375,71.1051321568,
2017-03-31,759502221.1,102296.0,4671190000.0,51.75,151416000.0,31208.28125,77.4006765275,
2017-04-01,482715533.202,79967.0,4517510000.0,50.03,92461900.0,30850.9375,57.2228813586,
2017-04-02,770157675.756,88394.0,4582700000.0,50.74,134604000.0,30440.78125,66.2670821195,
2017-04-03,830889493.282,99398.0,4411030000.0,48.82,190513000.0,31186.25,74.7844575548,
2017-04-04,370554076.83,85299.0,3969730000.0,43.92,157568000.0,31055.3125,64.979850018,
2017-04-05,544152881.086,85874.0,4037940000.0,44.66,119733000.0,31235.3125,68.3126860486,
2017-04-06,782276418.998,94118.0,4089930000.0,45.22,147120000.0,30724.375,73.3886228889,
2017-04-07,220410877.555,91942.0,3878210000.0,42.87,81474700.0,31074.53125,72.4189877162,
2017-04-08,282769026.087,71142.0,3783000000.0,41.8,74138800.0,30914.375,52.3271242527,
2017-04-09,300534436.39,73873.0,4009010000.0,44.28,55143000.0,30243.28125,56.8056788093,
2017-04-10,372554143.742,74824.0,3919520000.0,43.28,44061500.0,30037.1875,63.0386079242,
2017-04-11,371483185.903,75705.0,3941100000.0,43.5,38303300.0,30450.46875,58.9152721743,
2017-04-12,345616656.204,77128.0,3938930000.0,43.46,88045700.0,30213.90625,80.6889592572,
2017-04-13,272035420.118,83923.0,4198420000.0,46.31,157200000.0,30342.96875,61.6584633202,
2017-04-14,357215623.677,80411.0,4531810000.0,49.97,91674400.0,30989.6875,62.896440048,
2017-04-15,169579423.869,74402.0,4323100000.0,47.65,66207800.0,29998.125,57.8052513622,
2017-04-16,88232975.8719,70435.0,4450140000.0,49.04,31343800.0,30503.4375,55.1176954203,
2017-04-17,116674701.161,71937.0,4417310000.0,48.66,44013300.0,30648.125,60.4732972431,
2017-04-18,412104388.799,82886.0,4387860000.0,48.32,78748500.0,30519.84375,73.744781758,
2017-04-19,491602214.7,85419.0,4608260000.0,50.73,76281000.0,29612.1875,78.3964845405,
2017-04-20,530048193.833,85221.0,4373800000.0,48.13,79600900.0,30422.1875,71.7927739585,
2017-04-21,384953527.361,78067.0,4512610000.0,49.64,45048300.0,30477.34375,92.1973650957,
2017-04-22,334773330.307,71711.0,4381290000.0,48.18,37357600.0,29990.3125,74.9201440567,
2017-04-23,340187126.491,76480.0,4420040000.0,48.59,36234000.0,30491.25,65.0892018179,
2017-04-24,418627018.687,78842.0,4446470000.0,48.87,55580600.0,29782.96875,72.9798244742,
2017-04-25,393516375.292,92688.0,4557870000.0,50.07,38264600.0,30760.3125,78.5742047342,
2017-04-26,557484799.312,89311.0,4544370000.0,49.91,104884000.0,29332.1875,74.7897238631,
2017-04-27,806085288.253,104106.0,4809630000.0,52.81,246775000.0,29330.0,87.3126909118,
2017-04-28,903826263.477,105817.0,5669550000.0,62.23,346546000.0,29682.03125,79.2059684068,
2017-04-29,1001663420.8,90788.0,6506490000.0,71.39,165448000.0,29217.65625,70.2026857963,
2017-04-30,1105884724.84,94644.0,6248840000.0,68.54,229945000.0,29368.59375,78.9586302744,
2017-05-01,1937632278.74,110258.0,7234070000.0,79.32,376842000.0,29357.5,105.538214141,
2017-05-02,1554727337.06,108370.0,6992980000.0,76.65,193773000.0,29436.40625,112.73460265,
2017-05-03,1742786158.12,96724.0,7050050000.0,77.25,141922000.0,29552.65625,77.3135060874,
2017-05-04,1827593533.28,114255.0,7277480000.0,79.72,366847000.0,29423.4375,92.4303399622,
2017-05-05,2252386790.61,107872.0,8833520000.0,96.73,331928000.0,29702.03125,84.3533060609,
2017-05-06,1471707732.3,94499.0,8669910000.0,94.91,151462000.0,29703.4375,84.3641463875,
2017-05-07,1945830144.26,103020.0,8942950000.0,97.87,183295000.0,29880.15625,105.733505802,
2017-05-08,1826103302.1,116795.0,8569060000.0,93.75,231344000.0,29425.9375,95.6059639505,
2017-05-09,1780786408.48,111403.0,8341490000.0,91.23,363434000.0,29755.0,106.666628386,
2017-05-10,1700627020.32,108914.0,8337180000.0,91.15,145602000.0,29614.84375,104.904536929,
2017-05-11,2050771951.27,116565.0,8213570000.0,89.77,132722000.0,29734.53125,109.393380227,
2017-05-12,1620912377.65,106818.0,8184930000.0,89.43,145825000.0,29889.6875,109.060373522,
2017-05-13,1189460996.81,100963.0,8120390000.0,88.69,88742200.0,29253.28125,106.923588255,
2017-05-14,1139728998.2,101004.0,8322380000.0,90.87,66046600.0,28217.5,106.379136617,
2017-05-15,1540736375.89,122367.0,8316930000.0,90.78,170999000.0,28462.34375,132.123398808,
2017-05-16,2009373410.76,115744.0,8466470000.0,92.39,152285000.0,28717.96875,137.143767604,
2017-05-17,1271944795.62,139621.0,8181520000.0,89.25,183031000.0,27898.90625,220.21943719,
2017-05-18,850406553.626,136171.0,8238110000.0,89.84,196237000.0,28480.78125,158.498593267,
2017-05-19,1462557006.04,160897.0,8902240000.0,97.05,626945000.0,28381.25,173.985855406,
2017-05-20,1249210258.12,129298.0,11856600000.0,129.22,331455000.0,28652.03125,155.579769682,
2017-05-21,1640417572.9,148968.0,11705700000.0,127.54,570361000.0,28654.0625,160.523136918,
2017-05-22,4153831618.38,174354.0,14522100000.0,158.17,1188910000.0,28769.21875,182.632419995,
2017-05-23,2761845745.88,181034.0,15688000000.0,170.82,530709000.0,28576.09375,253.728642191,
2017-05-24,2852982715.01,180045.0,16779700000.0,182.65,561014000.0,28640.625,272.09067931,
2017-05-25,2773174452.74,179296.0,17446600000.0,189.85,943637000.0,28838.90625,218.689885039,
2017-05-26,2888474090.97,166190.0,16107000000.0,175.22,792458000.0,28963.75,206.055826499,
2017-05-27,1926733372.66,145853.0,14696000000.0,159.82,1217060000.0,28775.46875,182.127259991,
2017-05-28,1572111401.64,151426.0,14608600000.0,158.82,717971000.0,28823.28125,192.525514182,
2017-05-29,1775215079.81,156323.0,15654600000.0,170.13,718828000.0,29537.34375,192.62455813,
2017-05-30,2344180195.85,181584.0,18004700000.0,195.61,1586670000.0,29819.375,319.925871867,
2017-05-31,5334431632.99,209557.0,21321900000.0,231.58,1271600000.0,28748.4375,634.072177123,
2017-06-01,3827793740.85,195360.0,21264800000.0,230.89,812924000.0,28069.375,253.293470844,
2017-06-02,3624492420.48,185253.0,20479000000.0,222.29,469532000.0,26820.625,291.597841474,
2017-06-03,3452075427.58,170166.0,20593500000.0,223.46,427896000.0,27526.40625,228.134695773,
2017-06-04,3094206583.51,175521.0,20659800000.0,224.12,753820000.0,27232.5,255.713870928,
2017-06-05,4190970648.94,186633.0,22615800000.0,245.26,435660000.0,27789.84375,219.924346992,
2017-06-06,5051941797.51,193969.0,22930400000.0,248.6,741553000.0,27483.75,265.075762618,
2017-06-07,4737149883.18,201429.0,24382200000.0,264.26,461649000.0,27770.78125,277.963468699,
2017-06-08,4002545144.35,182427.0,23810900000.0,257.99,385494000.0,27631.25,239.515279975,
2017-06-09,4199030482.05,210512.0,24165000000.0,261.75,557986000.0,27650.0,250.508480829,
2017-06-10,3164855223.69,210536.0,26043700000.0,282.01,1611630000.0,28158.75,214.559641124,
2017-06-11,4126002386.64,230747.0,31296800000.0,338.79,1373220000.0,27926.71875,313.877609553,
2017-06-12,8932911028.11,286432.0,31525300000.0,341.16,2882650000.0,28100.625,512.809391034,
2017-06-13,8470010559.84,275543.0,36574500000.0,395.69,1717380000.0,28276.09375,294.642099272,
2017-06-14,5295997086.22,246247.0,36761600000.0,397.59,1272580000.0,28268.75,254.758374393,
2017-06-15,7031969221.25,263508.0,33158200000.0,358.51,2463450000.0,25855.15625,260.138167402,
2017-06-16,6928024314.69,344218.0,33415800000.0,361.18,1096280000.0,27935.46875,264.910541094,
2017-06-17,4004585963.91,341960.0,34231300000.0,369.88,904653000.0,26645.15625,236.778188402,
2017-06-18,3669470354.5,329939.0,35133800000.0,379.52,904703000.0,27422.5,254.196390578,
2017-06-19,4390329755.16,406174.0,34435700000.0,371.86,685172000.0,27560.625,282.639642363,
2017-06-20,5692946751.35,417432.0,34304000000.0,370.33,1020390000.0,24869.21875,690.502348326,
2017-06-21,2548121986.83,349131.0,33310500000.0,359.54,1420130000.0,24535.15625,918.114125434,
2017-06-22,3053750498.97,403296.0,31302600000.0,337.73,925767000.0,24743.4375,700.787165472,
2017-06-23,3788164615.31,427259.0,31195900000.0,336.49,593207000.0,24618.59375,478.165779285,
2017-06-24,4124543194.22,388811.0,31681300000.0,341.63,673585000.0,25722.34375,652.952882318,
2017-06-25,1492438920.08,364597.0,30005900000.0,323.47,1186880000.0,24701.875,411.721489721,
2017-06-26,3503196592.15,442793.0,28111200000.0,302.95,2081810000.0,24902.8125,875.310976343,
2017-06-27,3427379222.35,398521.0,25309700000.0,272.69,1973870000.0,25069.84375,332.032513046,
2017-06-28,3233456647.3,441630.0,27207000000.0,293.04,2056550000.0,24881.40625,773.236091502,
2017-06-29,3829390101.08,419197.0,30495300000.0,328.37,1508580000.0,25212.65625,466.282393834,
2017-06-30,3179480132.76,402513.0,28161900000.0,303.15,1011800000.0,25249.375,352.344502266,
2017-07-01,3002869355.39,351761.0,27259400000.0,293.35,1089200000.0,25113.125,315.74464317,
2017-07-02,2095599278.74,379814.0,25572800000.0,275.12,1123330000.0,25233.59375,317.468243776,
2017-07-03,7326378244.14,449992.0,26815900000.0,288.41,851408000.0,25336.875,425.920316212,
2017-07-04,5826926510.42,423957.0,26245000000.0,282.19,687691000.0,25471.40625,377.047005196,
2017-07-05,2096519935.84,403642.0,25406900000.0,273.1,790256000.0,25001.5625,409.09097089,
2017-07-06,2348295773.26,393336.0,25019500000.0,268.86,623080000.0,25300.3125,304.771433494,
2017-07-07,2559221991.96,446446.0,25160800000.0,270.35,687252000.0,25497.96875,356.29380692,
2017-07-08,1943725081.59,374114.0,22890700000.0,245.89,754958000.0,25502.65625,360.274207471,
2017-07-09,948511007.697,330605.0,23454700000.0,251.82,505118000.0,25532.03125,256.112816522,
2017-07-10,2798921548.92,415763.0,22640500000.0,243.01,937219000.0,23030.46875,261.598672524,
2017-07-11,2966189291.02,450430.0,19712300000.0,211.53,1440950000.0,22656.875,287.290319404,
2017-07-12,2741844047.72,422878.0,18377600000.0,197.15,1241190000.0,22602.34375,330.33422877,
2017-07-13,5304153622.67,407534.0,21613900000.0,231.81,828489000.0,22610.3125,327.42187989,
2017-07-14,5366242833.26,377407.0,19541300000.0,209.53,749382000.0,22561.875,275.880608776,
2017-07-15,5025319952.77,352616.0,18630200000.0,199.71,810452000.0,23062.34375,288.040626935,
2017-07-16,4568183761.45,391933.0,15823100000.0,169.57,1516890000.0,22922.1875,276.731320515,
2017-07-17,3791745460.51,401003.0,14932700000.0,159.99,1669500000.0,22345.78125,281.509048417,
2017-07-18,5375296737.88,409161.0,18207400000.0,195.03,2709260000.0,22804.6875,423.677942918,
2017-07-19,5868689956.57,399573.0,21939300000.0,234.94,2328790000.0,23239.21875,324.838750478,
2017-07-20,4396572432.22,373649.0,19187800000.0,205.42,2225000000.0,23215.9375,256.133190044,
2017-07-21,4864033487.96,347325.0,21121100000.0,226.06,1006130000.0,22762.1875,309.641556642,
2017-07-22,1083515089.05,300837.0,20360100000.0,217.86,618260000.0,23289.21875,224.825603323,
2017-07-23,1676938439.19,382872.0,21418300000.0,229.12,649615000.0,23348.90625,288.493997716,
2017-07-24,4889156211.19,394706.0,21158500000.0,226.28,431691000.0,22957.03125,309.440275124,
2017-07-25,5291442942.37,356195.0,20985200000.0,224.37,1095760000.0,23482.03125,355.48613773,
2017-07-26,3991629922.73,317219.0,19373400000.0,207.09,717692000.0,23302.5,294.383920629,
2017-07-27,4408021298.7,307538.0,19169800000.0,204.86,393283000.0,23218.28125,263.944245322,
2017-07-28,5145610856.23,335031.0,19125100000.0,204.32,562571000.0,23294.53125,281.982289906,
2017-07-29,4355985847.45,282612.0,18101800000.0,193.34,824355000.0,23459.375,204.174934595,
2017-07-30,3006725431.37,299612.0,19360900000.0,206.74,596234000.0,23569.53125,208.036715301,
2017-07-31,1807949833.01,352997.0,18492000000.0,197.41,569414000.0,22731.71875,231.201083914,
2017-08-01,2107973518.51,350600.0,19179100000.0,204.69,1585330000.0,20475.46875,263.599401863,
2017-08-02,2151422273.36,371975.0,21275200000.0,227.01,632606000.0,20257.8125,236.995421937,
2017-08-03,1795175475.07,391138.0,20640100000.0,220.18,557217000.0,19923.90625,236.502808745,
2017-08-04,1850695616.83,399648.0,21125600000.0,225.31,539783000.0,20245.625,220.028357885,
2017-08-05,2122004204.43,413322.0,20900000000.0,222.85,1333000000.0,20212.1875,236.076708762,
2017-08-06,2347160457.53,411736.0,24053500000.0,256.42,1482980000.0,20205.625,244.978437283,
2017-08-07,2684613828.83,448212.0,24511000000.0,261.24,935727000.0,20516.5625,323.349086526,
2017-08-08,3097680461.26,486248.0,25254600000.0,269.1,1502410000.0,20512.8125,339.083820207,
2017-08-09,3455587723.28,503481.0,27938700000.0,297.63,2638580000.0,20612.5,268.527475016,
2017-08-10,7041422352.5,517329.0,27882200000.0,296.96,1076820000.0,20198.125,313.14765754,
2017-08-11,13882780052.6,549003.0,27657000000.0,294.5,953576000.0,20580.15625,354.162104365,
2017-08-12,8657911790.94,530077.0,28998700000.0,308.71,1111650000.0,20618.4375,344.986095506,
2017-08-13,9599978181.16,565378.0,29161100000.0,310.37,1369370000.0,20699.6875,304.640582603,
2017-08-14,7394050400.38,645845.0,28008700000.0,298.03,864391000.0,20718.75,345.515738015,
2017-08-15,5985714056.64,814721.0,28195800000.0,299.95,1051800000.0,20721.25,383.745249085,
2017-08-16,4675624237.1,684742.0,27249700000.0,289.82,967643000.0,20898.28125,1168.46326633,
2017-08-17,4831553914.32,647077.0,28477500000.0,302.81,909494000.0,20791.09375,690.546642142,
2017-08-18,4931578178.91,672348.0,28380200000.0,301.7,936160000.0,20743.59375,1018.69522486,
2017-08-19,3627643762.12,605002.0,27867900000.0,296.18,860202000.0,21114.375,471.918343256,
2017-08-20,3111044568.82,508308.0,27918100000.0,296.64,571947000.0,20833.125,293.147791083,
2017-08-21,3913017207.48,588153.0,28285500000.0,300.48,2448970000.0,21227.65625,329.868824321,
2017-08-22,3810143704.74,534535.0,30229900000.0,321.06,1336400000.0,20988.90625,325.350122318,
2017-08-23,4223415466.3,563162.0,29691900000.0,315.27,811990000.0,21141.25,315.881361228,
2017-08-24,3924316551.17,521887.0,29904600000.0,317.45,697665000.0,20984.21875,322.859895183,
2017-08-25,3552382282.81,495900.0,30727900000.0,326.11,760329000.0,17812.03125,310.136759482,
2017-08-26,1889888073.07,461123.0,31288300000.0,331.99,514181000.0,17537.03125,297.916682977,
2017-08-27,6697437560.61,481083.0,31517500000.0,334.36,633370000.0,17612.34375,275.335440067,
2017-08-28,10043892040.7,560756.0,33002700000.0,350.04,854319000.0,17277.34375,323.120549329,
2017-08-29,7539151327.84,602220.0,32813200000.0,347.96,1220030000.0,17759.53125,516.17061562,
2017-08-30,13396788174.0,601867.0,34848400000.0,369.47,1333320000.0,17706.40625,433.380111262,
2017-08-31,6521652201.39,572744.0,35701500000.0,378.44,706254000.0,17419.21875,737.55260075,
2017-09-01,6144827891.29,601810.0,36182900000.0,383.47,874222000.0,17653.125,515.416187022,
2017-09-02,5536633733.61,524814.0,36601200000.0,387.82,1483600000.0,17750.0,613.662115947,
2017-09-03,3864042743.12,474735.0,33059800000.0,350.23,986266000.0,17732.65625,296.684543723,
2017-09-04,6006271393.83,659723.0,32774000000.0,347.13,1801690000.0,17685.46875,487.767496109,
2017-09-05,4900477490.92,644690.0,28100000000.0,297.57,1551050000.0,17846.875,615.809001055,
2017-09-06,5315635710.14,685270.0,29639100000.0,313.8,1058830000.0,17603.90625,770.277418638,
2017-09-07,3937901504.94,660758.0,31507500000.0,333.52,718624000.0,17790.15625,734.239584314,
2017-09-08,4515354220.71,698014.0,31147200000.0,329.64,1098780000.0,18011.5625,758.749006956,
2017-09-09,6069110904.96,584567.0,27990500000.0,296.17,528621000.0,17853.90625,441.035120383,
2017-09-10,5109759919.69,496832.0,27797200000.0,294.06,698326000.0,17915.625,413.297569259,
2017-09-11,4465225628.71,545781.0,27394400000.0,289.75,571307000.0,17798.59375,393.332823,
2017-09-12,4634423670.7,594680.0,27861800000.0,294.63,753144000.0,18066.25,519.977466208,
2017-09-13,3001242533.17,536275.0,27535700000.0,291.12,921692000.0,17728.90625,463.058657602,
2017-09-14,4323615835.49,558357.0,26166100000.0,276.59,1184590000.0,18046.5625,408.768329594,
2017-09-15,4080945835.32,696814.0,20364900000.0,215.22,1935700000.0,18138.28125,636.971536779,
2017-09-16,2629586888.93,558585.0,23742600000.0,250.87,711737000.0,18096.71875,660.859549314,
2017-09-17,3001870120.19,437778.0,23272500000.0,245.85,427452000.0,18192.65625,371.183068104,
2017-09-18,4785146550.33,567416.0,23881200000.0,252.23,1127750000.0,17836.875,403.16313803,
2017-09-19,4460410367.09,498316.0,27809300000.0,293.66,646909000.0,18189.21875,385.073423359,
2017-09-20,2812507991.42,502172.0,26712400000.0,282.01,421404000.0,18046.40625,656.834640397,
2017-09-21,2740826682.46,494128.0,26836000000.0,283.26,601266000.0,18269.53125,325.903199026,
2017-09-22,2236727274.23,437571.0,24458400000.0,258.11,430081000.0,15034.21875,306.112519402,
2017-09-23,2062666200.99,401938.0,25077100000.0,264.6,450934000.0,14443.28125,315.524338577,
2017-09-24,1947858279.87,398649.0,27129900000.0,286.21,571411000.0,14720.15625,440.08969434,
2017-09-25,2523933575.58,439255.0,26755500000.0,282.22,483161000.0,14207.5,383.148272059,
2017-09-26,2713742544.82,445627.0,27720000000.0,292.35,345801000.0,14501.875,385.775178878,
2017-09-27,2720628106.47,461961.0,27219400000.0,287.02,550244000.0,14555.46875,422.710363399,
2017-09-28,3050059575.15,480369.0,29068700000.0,306.47,501894000.0,14308.59375,370.160472356,
2017-09-29,2525881522.32,473601.0,28375900000.0,299.12,541375000.0,14173.75,330.88615798,
2017-09-30,1919397326.07,451352.0,27655200000.0,291.48,332439000.0,14229.53125,371.957481381,
2017-10-01,1429555715.12,445259.0,28615200000.0,301.55,306185000.0,14342.65625,358.613329436,
2017-10-02,2248921590.88,459314.0,28708500000.0,302.48,339443000.0,14244.84375,356.930578828,
2017-10-03,6819304061.2,498380.0,28238500000.0,297.48,321680000.0,14344.6875,381.246395654,
2017-10-04,4477045218.75,470983.0,27794100000.0,292.75,257906000.0,14465.3125,385.387152163,
2017-10-05,2825885450.62,451505.0,27800400000.0,292.77,253747000.0,14759.53125,418.983077852,
2017-10-06,2843603023.06,482833.0,28031100000.0,295.15,318664000.0,14271.5625,437.255331092,
2017-10-07,2365679044.15,454939.0,29340400000.0,308.89,342205000.0,14270.78125,316.276345068,
2017-10-08,2735537412.3,478010.0,29550900000.0,311.06,293167000.0,14427.03125,357.347800342,
2017-10-09,3316023899.09,481422.0,29328300000.0,308.67,559467000.0,14441.875,379.844761749,
2017-10-10,3370432571.31,499114.0,28281400000.0,297.6,359706000.0,14611.25,417.793497546,
2017-10-11,3046594245.56,484898.0,28626300000.0,301.18,264146000.0,14611.71875,938.415100756,
2017-10-12,3429365652.58,528554.0,28851200000.0,303.5,527557000.0,14530.9375,421.957034379,
2017-10-13,4462594976.22,557443.0,28911100000.0,304.08,1304360000.0,14493.4375,474.904048257,
2017-10-14,3534021736.2,503032.0,32222400000.0,338.85,516562000.0,14470.3125,398.049613885,
2017-10-15,3286553232.27,478898.0,32292100000.0,339.53,635407000.0,14662.65625,386.388929966,
2017-10-16,2608276199.99,637365.0,32029200000.0,336.71,692885000.0,15015.5625,337.116475118,
2017-10-17,3932266736.37,720550.0,31727700000.0,333.48,509924000.0,18231.0,322.84724414,
2017-10-18,4775131748.62,679972.0,30160500000.0,316.94,606114000.0,18732.28125,299.370944841,
2017-10-19,3998651413.21,707101.0,29937900000.0,314.54,349830000.0,18792.28125,283.929624901,
2017-10-20,3618299532.23,775704.0,29326300000.0,308.05,396673000.0,18782.25,491.672418414,
2017-10-21,3263590351.67,619830.0,28906600000.0,303.57,408014000.0,18745.59375,230.0980114,
2017-10-22,2856521175.85,609271.0,28624800000.0,300.55,327387000.0,18901.875,196.134800566,
2017-10-23,3920116192.78,708489.0,28111400000.0,295.1,482336000.0,18830.90625,269.725566032,
2017-10-24,3819438744.13,815572.0,27357500000.0,287.12,684281000.0,18816.46875,357.095144057,
2017-10-25,3159565983.27,697726.0,28442000000.0,298.44,325040000.0,18596.71875,290.665881547,
2017-10-26,2989151318.56,673986.0,28408400000.0,298.02,270273000.0,18540.65625,275.041131001,
2017-10-27,3150404906.03,662606.0,28270100000.0,296.51,257169000.0,18758.25,297.455543733,
2017-10-28,3840266540.68,639828.0,28410400000.0,297.92,264424000.0,18789.375,241.167628141,
2017-10-29,3492049834.17,645592.0,28270200000.0,296.38,551752000.0,18651.1875,242.546692539,
2017-10-30,3394946896.44,709715.0,29077600000.0,304.78,331442000.0,18291.46875,295.610197214,
2017-10-31,3642610807.03,749164.0,29331500000.0,307.38,369583000.0,18897.5625,330.60403118,
2017-11-01,4402209076.88,730764.0,29183600000.0,305.76,553864000.0,18498.46875,370.465694941,
2017-11-02,4763989883.29,743808.0,27754200000.0,290.73,904901000.0,18506.53125,373.864831846,
2017-11-03,3724798215.77,669358.0,27547400000.0,288.5,646340000.0,18690.9375,278.695734083,
2017-11-04,2656777732.53,583801.0,29175300000.0,305.48,416479000.0,18652.3125,212.077525074,
2017-11-05,2457925716.71,588534.0,28661500000.0,300.04,337658000.0,18964.96875,199.74904055,
2017-11-06,2994578755.77,703402.0,28322700000.0,296.43,579359000.0,18663.375,268.798303897,
2017-11-07,2545684325.77,648796.0,28533300000.0,298.57,540766000.0,18704.15625,315.044497913,
2017-11-08,3598303210.08,729626.0,28128700000.0,294.27,967956000.0,18770.15625,379.928853676,
2017-11-09,5882499954.25,802271.0,29509000000.0,308.64,893250000.0,18654.84375,324.913774651,
2017-11-10,4533883360.0,745294.0,30665200000.0,320.67,885986000.0,18965.34375,291.688738911,
2017-11-11,3932036836.21,637545.0,28559400000.0,298.59,842301000.0,18865.40625,232.953762073,
2017-11-12,5724273863.31,692919.0,30106200000.0,314.69,1613480000.0,18793.59375,297.799562429,
2017-11-13,3666487969.04,695818.0,29379000000.0,307.02,1041890000.0,18744.5625,309.385435143,
2017-11-14,3684566855.58,724879.0,30317300000.0,316.76,1069680000.0,18433.40625,335.97952723,
2017-11-15,5820319297.12,819623.0,32353200000.0,337.96,722666000.0,18782.4375,412.662550359,
2017-11-16,5279416071.79,782916.0,31927300000.0,333.44,797254000.0,18532.40625,353.507082797,
2017-11-17,5261876690.75,815425.0,31620300000.0,330.17,621733000.0,18770.625,373.486764295,
2017-11-18,4363959988.42,681599.0,31800700000.0,331.98,649639000.0,18712.3125,255.609620533,
2017-11-19,4569260114.36,686554.0,33284900000.0,347.4,1181530000.0,18863.15625,282.287107556,
2017-11-20,6269400339.97,782585.0,33933400000.0,354.09,807027000.0,18602.71875,371.508144058,
2017-11-21,6222179305.98,742872.0,35220200000.0,367.44,949912000.0,18597.0,363.885755271,
2017-11-22,6187982459.19,768914.0,34544000000.0,360.31,800819000.0,18796.3125,365.4892339,
2017-11-23,6513386520.38,783395.0,36577300000.0,381.44,1845680000.0,18641.15625,363.134860954,
2017-11-24,5979993874.38,804707.0,39564300000.0,412.5,2292830000.0,18770.25,312.003080398,
2017-11-25,8016708848.0,818059.0,45633400000.0,475.68,1422080000.0,18671.4375,289.454952242,
2017-11-26,7473572371.71,828013.0,44712100000.0,465.97,1197780000.0,18581.4375,355.108567824,
2017-11-27,9675728000.81,926711.0,45255000000.0,471.53,1396480000.0,18337.875,369.147153812,
2017-11-28,11915779528.4,1000276.0,46127200000.0,480.52,1346500000.0,18362.625,423.203743142,
2017-11-29,13459539645.7,990137.0,45442100000.0,473.28,2675940000.0,18408.65625,444.283457465,
2017-11-30,11410753453.9,958902.0,41411900000.0,431.21,1903040000.0,18531.75,423.152742252,
2017-12-01,9725050125.29,927331.0,42765000000.0,445.21,1247880000.0,18463.6875,416.07329811,
2017-12-02,10661112934.7,909899.0,44853300000.0,466.85,943650000.0,18239.4375,344.504596509,
2017-12-03,9973575891.59,1027441.0,44560500000.0,463.7,990557000.0,18175.40625,407.152401007,
2017-12-04,9819332369.88,1052242.0,44795700000.0,466.05,1005550000.0,17147.34375,804.106265031,
2017-12-05,4901911005.63,1032815.0,45212800000.0,470.29,1216720000.0,16916.8125,1183.24450879,
2017-12-06,6861199845.6,1121267.0,44483100000.0,462.6,1998260000.0,16587.84375,1540.65062545,
2017-12-07,5014539156.14,1015206.0,41007600000.0,426.37,2129570000.0,17535.375,2239.28904826,
2017-12-08,4186246332.68,1172793.0,41845800000.0,434.99,2336380000.0,17529.09375,2315.31981304,
2017-12-09,3229381033.23,1100424.0,44005600000.0,457.34,2003850000.0,17563.125,2126.40990786,
2017-12-10,3212387869.18,1151603.0,45501400000.0,472.79,1404180000.0,17463.5625,1918.26803459,
2017-12-11,3029420790.62,1282978.0,42389300000.0,440.36,1771440000.0,17367.75,1531.8236839,
2017-12-12,7379303372.26,1318300.0,50286400000.0,522.29,5179830000.0,17280.28125,1559.06119539,
2017-12-13,7121890999.02,1137119.0,62105600000.0,644.91,4524540000.0,18906.09375,1445.28530011,
2017-12-14,8546375983.66,942559.0,67482900000.0,700.59,3821580000.0,20787.65625,1714.10815277,
2017-12-15,7038718838.14,904346.0,67090900000.0,696.38,2758710000.0,20829.84375,1455.13698942,
2017-12-16,5698556827.44,899857.0,66124200000.0,686.19,2165690000.0,20382.375,1468.25125087,
2017-12-17,5619825552.76,876574.0,67106400000.0,696.24,2147390000.0,20346.9375,1172.63438579,
2017-12-18,6265539681.04,984021.0,69578400000.0,721.73,3249230000.0,20561.71875,1161.928902,
2017-12-19,8953367688.68,1092234.0,76552200000.0,793.9,4096550000.0,20631.375,1487.48222327,
2017-12-20,10787319533.3,986104.0,79810600000.0,827.52,3969940000.0,20631.375,1731.48983713,
2017-12-21,10869093024.9,1072665.0,79125300000.0,820.24,3569060000.0,20414.8125,1760.2067906,
2017-12-22,11834908290.8,1103523.0,79374400000.0,822.64,4977710000.0,20571.28125,1640.14807411,
2017-12-23,6485777933.76,918881.0,65752100000.0,681.32,2480340000.0,20835.28125,1207.05966992,
2017-12-24,5365151225.05,758234.0,69671200000.0,721.77,2300550000.0,20504.15625,1024.10604988,
2017-12-25,4380048429.32,752361.0,67475100000.0,698.87,2491760000.0,20446.875,756.767674901,
2017-12-26,6763153531.73,813510.0,73717800000.0,763.37,2201160000.0,20383.6875,743.06286587,
2017-12-27,7865086383.16,912752.0,74854100000.0,774.97,2100030000.0,20533.125,826.181804792,
2017-12-28,9632919662.19,949503.0,73637100000.0,762.21,2389150000.0,20434.125,832.962895658,
2017-12-29,10883827031.5,1090191.0,71544300000.0,740.39,2648970000.0,20461.21875,1007.43708137,
2017-12-30,12309976247.7,1136659.0,72856900000.0,753.82,3187780000.0,20547.46875,972.744759532,
2017-12-31,6448929793.57,946981.0,68850800000.0,712.21,2554270000.0,20454.75,871.221521887,
2018-01-01,6237383003.5,908945.0,73075800000.0,755.76,2595760000.0,20623.96875,768.440906473,
2018-01-02,10807957386.8,1153936.0,74695700000.0,772.35,5783350000.0,20561.0625,1053.0301663,
2018-01-03,12393184008.2,1238030.0,85703500000.0,886.0,5093160000.0,20599.21875,1240.29497319,
2018-01-04,19471098884.8,1349890.0,93049400000.0,961.71,6502860000.0,20963.25,1483.6527485,
2018-01-05,18083099228.0,1271577.0,94423900000.0,975.75,6683150000.0,20917.5,3180.85648007,
2018-01-06,15341970465.5,1226417.0,96326500000.0,995.15,4662220000.0,20948.90625,3641.86033766,
2018-01-07,12825937015.1,1152722.0,1.00981e+11,1043.01,5569880000.0,21180.1875,2910.38203996,
2018-01-08,17551600313.3,1215473.0,1.12164e+11,1158.26,8450970000.0,20603.4375,2944.30486048,
2018-01-09,18481672679.7,1256240.0,1.10999e+11,1146.0,7965460000.0,20735.8125,3091.62689702,
2018-01-10,22594117877.9,1177685.0,1.25976e+11,1300.34,9214950000.0,21081.9375,3696.64640195,
2018-01-11,20036882281.2,1173965.0,1.22879e+11,1268.09,7235900000.0,21031.40625,3132.4787551,
2018-01-12,18643231121.3,1167569.0,1.18984e+11,1212.22,7867300000.0,21001.04555,2898.4787551,
